OM,IN,W,A,EC
-321059436.89734834,6066.383667116247,321603719.75746,1996.8677420367512,-1433.9503589429157
616016973.31424,-8470.522503938382,-616573828.266366,1825.7707125462805,-907.0196407032562
-635083035.1507074,11999.655753830313,636158711.8748635,3948.1409707124863,-2836.541384389811
602805502.7896894,-8289.376816705308,-603350540.7249637,1786.6942098862205,-887.6660672078068
-614107795.465221,11602.867750481348,615147811.1688976,3818.180068708785,-2742.9573276495416
576630195.9775709,-7930.467288192805,-577151818.5368692,1709.270777464966,-849.3186842406145
-579591253.0532048,10949.931983667831,580572589.0241734,3604.3070793695892,-2588.9543607212377
537982266.4643489,-7400.506088676078,-538469308.6427222,1594.9477282525984,-792.691183352308
-532188951.5217602,10053.267764690934,533089708.5992627,3310.5673891647266,-2377.45383059484
487588452.4923652,-6709.423658564226,-488030390.953862,1445.8665606714796,-718.8397897616928
-472803244.8578633,8929.969233048618,473603065.0866134,2942.53026496253,-2112.4771023297203
426399015.8184711,-5870.206605941954,-426786166.64282864,1264.8279230546582,-629.1459542423955
-402568084.8892238,7601.516462634478,403248546.24493605,2507.1957414800004,-1799.0779419313587
355571938.4662128,-4898.683331472456,-355895641.3174019,1055.245393750592,-525.2939867689909
-322829749.1014572,6093.409281856475,323374727.47767764,2012.8765724695907,-1443.256876403645
276453470.0156275,-3813.259856069283,-276706255.71451473,821.0885962345878,-409.2430463819821
-235123720.9131763,4434.728205551054,235519712.26791573,1469.056550996851,-1051.8583120146627
190555240.83207294,-2634.6089043218376,-190730979.01950085,566.8161974474099,-283.19444424352184
-141147998.04037416,2657.6276183626337,141384394.55526885,886.2268264916114,-632.451866526716
99528197.97204116,-1385.3157003106796,-99622222.27091236,297.2995647318343,-149.55418634001293
-42733152.771245085,796.7673652993609,42802467.583971016,275.70217886059106,-193.19913883567878
5133681.27517834,-89.48433038698683,-5142889.319649039,17.737994341119663,-10.891392400951462
58190466.25036581,-1111.3094474924317,-58292430.72423114,-350.5805112651317,257.2922610641251
-90787996.81267515,1227.6898586184802,90865070.6264165,-266.4335582980259,130.10693291806774
159627949.7819823,-3028.8447770152084,-159901993.7715768,-980.2787614413706,710.1254730780064
-186351048.16434267,2540.3769010510023,186514189.13783985,-549.6428064323848,270.6842784681671
259556960.2699103,-4917.569484319128,-260000442.07151908,-1600.8730761761265,1156.279673805673
-279659300.6449539,3822.5907166488873,279906601.3633156,-826.2833703325485,408.0655078779104
355966213.4223052,-6739.432907908558,-356573071.0987646,-2199.904098993219,1586.7816406028533
-368842356.2442806,5048.683029207619,369170235.4558458,-1090.8212919445016,539.5091600305922
446894702.6574693,-8457.345848481375,-447655542.1660616,-2765.214676423597,1992.8803830237837
-452092230.50650626,6193.844084186085,452495484.9056424,-1337.902988637759,662.3609308779322
530470994.4114932,-10035.924766154147,-531373245.19025016,-3285.192658938245,2366.222458442609
-527699846.6752128,7234.602306661206,528171734.82714516,-1562.463089938295,774.1068337988141
604951893.6870822,-11442.22337515206,-605980029.816342,-3749.0102112276795,2699.024346297935
-594090708.0470562,8149.313165267075,594623066.2915512,-1759.8299201930383,872.4254920301958
668759732.3953818,-12646.438029124552,-669895557.2236269,-4146.85498667889,2984.2388963008843
-649859058.5870538,8918.628155553115,650442447.5785655,-1925.826727119289,955.2383348612309
720517524.0393057,-13622.572102451688,-721740514.3809596,-4470.148506269869,3215.712290572091
-693799811.0730231,9525.933893975603,694423691.2314343,-2056.866450937022,1020.7567284922964
759081214.8416308,-14349.045209909544,-760368919.7158113,-4711.7469394842055,3388.328157689336
-724937522.4426248,9957.75139537671,725590455.8575226,-2150.037999100925,1067.5249686468344
783568268.6256384,-14809.232170388419,-784896756.1570746,-4866.119575985326,3498.135400362275
-742551701.0569513,10204.085785710016,743221576.6653807,-2203.18177193829,1094.458063641778
793381849.2373067,-14991.918632274064,-794726194.1433451,-4929.5003795649445,3542.456451053782
-746197759.1577778,10258.716853178417,746872037.4474562,-2214.9525190434883,1100.8732938663209
788229902.5628971,-14891.65970555106,-789564705.4783833,-4900.008294297616,3519.972875047045
-735722976.8324752,10119.421803580455,736388949.8255887,-2184.867512545904,1086.5146102075419
768138513.46962,-14509.030399275052,-769438442.2000289,-4777.732311092469,3430.7854961902044
-711276916.1650476,9788.122278331102,711921977.7367349,-2113.3384209736605,1051.5689800242815
733458999.9960593,-13850.756907028772,-734699342.0785644,-4564.777892132336,3276.4465430380637
-673315788.0315032,9270.948703166743,673927709.2779424,-2001.685349296162,996.6739061423904
684868298.712186,-12929.720680008319,-686025513.8973821,-4265.271948372,3059.961942309734
-622600371.7170588,8578.216338222432,623167575.573213,-1852.1318247995944,922.9156172254856
623362310.2348655,-11764.829895124467,-624414570.673422,-3885.3242452905497,2785.7621884442287
-560187247.86645,7724.309667260464,560699076.9794291,-1667.7800158199123,831.817359527211
550242040.9286951,-10380.754867782187,-551169747.1888182,-3432.9440669034625,2459.6411195936153
-487413236.5264801,6727.473410639803,487860208.3957342,-1452.5657524015128,725.3176857229262
467092532.8323433,-8807.526104606037,-467878793.2383511,-2917.912016177421,2088.6623162730075
-405873015.04887307,5609.509543643011,406247058.0337412,-1211.1932381034662,605.7387064380735
375754686.5408498,-7079.999109932837,-376385747.9533094,-2351.6074900384965,1681.0338915810205
-317390130.6769135,4395.38332165648,317684794.9207831,-949.0502564401776,475.74446141550254
278290317.54906434,-5237.192202353607,-278755936.2724885,-1746.7940495115142,1245.953005781724
-223981822.15517354,3112.743816661545,224192459.87489069,-672.1045772088199,338.29004714729916
176940981.10841754,-3321.504586459132,-177234723.23557642,-1117.3654090448094,793.4222930406906
-127818042.82072163,1791.3638429058385,127941952.21319905,-386.78336140713344,196.56209184535183
74081155.03016777,-1377.8313620092538,-74200617.08074726,-478.05639760526816,334.04131015179496
-31175552.70704473,462.5117722469344,31212081.2650118,-99.83742999290067,53.91168207766071
-27833257.379548375,547.4122282558807,27886315.59868038,155.87601555050088,-121.22330975580667
63612207.77861106,-841.7358515519026,-63661604.93638802,181.80698072388265,-86.21907371404511
-126320184.94982117,2407.335025835088,126539801.25962424,768.9952974724165,-561.2843894701172
154208343.32672155,-2089.224987780066,-154340092.8663233,451.20602706404645,-220.3753508121445
-218929176.06136793,4155.662555724563,219305244.84037217,1346.044373328718,-975.1922972535616
238327744.59054503,-3248.4835924575973,-238536194.3520806,701.5622243240834,-345.17110303477136
-303300468.13788223,5747.852624998115,303818899.18465406,1872.3131131823948,-1352.3988130599153
313793053.6742034,-4289.492046027304,-314070562.8705919,926.3908569244128,-457.37191226232625
-377223932.6590422,7142.20815066661,377866909.65889853,2334.005659951534,-1683.0205918172587
378590024.34745294,-5184.4462916514,-378927104.28978944,1119.6848332310121,-553.9771979504825
-438696446.1370476,8300.959568392944,439442781.8395285,2718.598530683263,-1958.0957222767136
430920873.87370867,-5908.494294866543,-431306377.6470971,1276.0738143209014,-632.2997123260725
-485976198.7386162,9191.288786795218,486801781.496991,3015.1802329048114,-2169.8267201369226
469254212.27120167,-6440.426438844855,-469675570.5163634,1390.973421647253,-690.0402178463978
-517632457.8454646,9786.266657546674,518510781.7042824,3214.7630805640683,-2311.8033133425392
492370146.5385085,-6763.300255636684,-492813645.14379394,1460.720311871422,-725.3552571083831
-532589343.2649331,10065.676912165733,533492111.2759803,3310.558245742679,-2379.198595013026
499399217.6620713,-6864.9811538659515,-499850311.96699077,1482.689109620475,-736.9159882640952
-530162265.4235095,10016.701056051681,531060053.6710346,3298.205505435434,-2368.9324736546846
489853924.42548704,-6738.581691016061,-490297583.39816165,1455.3874751991887,-723.9562146228535
-510085802.7244307,9634.441258362658,510948770.5220791,3175.950025009207,-2279.7969261964313
463651725.0252193,-6382.784018031695,-464072797.718006,1378.5259236856857,-686.3079281415937
-472531961.7960721,8922.26133899022,473330591.6396837,2944.759467149638,-2112.53834296472
421128576.9273448,-5802.0323600928195,-421512172.78724384,1253.0596200804987,-624.4229132331473
-418117969.79225034,7891.929980142027,418823819.4359311,2608.3760539063387,-1869.893107042936
363042288.42684275,-5006.585383532881,-363374162.1438356,1081.1998861549366,-539.3793132753063
-347902990.0343044,6563.554751142071,348489437.8650995,2173.2996573951204,-1556.5736915916161
290565192.5961935,-4012.421453674763,-290832123.84122795,866.3939481481647,-432.8723524292054
-263373419.35209253,4965.30068747764,263816383.86296588,1648.6996903290935,-1179.2037018236688
205265923.64815888,-2840.9936100923705,-205456081.69087657,613.2721972371512,-307.1888568234933
-166416721.38163638,3132.8925185006824,166695335.38703877,1046.255360994395,-746.2016369307884
109080351.17880891,-1518.8347470210952,-109183634.43220934,327.56309666195517,-165.1655939567916
-59284049.73371096,1108.905709691448,59381270.49761216,379.9258087309188,-267.6144864672048
4272035.8012645785,-77.01788186163247,-4280376.608711997,15.976752271988639,-10.131924055536937
55457764.74262372,-1058.142927130326,-55554627.31324731,-334.3464372246947,245.09629360452
-106617140.0062151,1449.5196766838988,106709514.47078584,-313.9409410230529,154.16231374464184
174983974.39386472,-3314.888005369735,-175282827.79597685,-1078.9932333496931,779.3124824490752
-220825203.50696245,3022.775193247772,221021562.53467822,-653.9807658663857,323.63230071562623
296278232.4667611,-5604.369401063334,-296781884.18359494,-1835.2325105262214,1321.555180878391
-335435956.40392154,4602.585584040171,335736916.4345936,-995.4656208132636,493.95532007252496
416206000.66549987,-7867.419058339911,-416911965.04236335,-2583.524758652287,1857.8127038904179
-447450966.8784409,6147.618029202756,447854407.46427333,-1329.4644874765734,660.6772303811795
531593314.70961326,-10044.148225627385,-532493752.9580643,-3304.063598476461,2373.8925804882124
-553865959.821761,7616.422406683998,554367009.1590372,-1647.0197944677893,819.3257737577027
639308961.6300789,-12075.498390765213,-640390760.5199021,-3977.2883493379463,2855.788966251802
-651749688.3560151,8968.519185762305,652340780.9856834,-1939.3824781319045,965.5278862402631
736347962.2354116,-13904.815962565879,-737592953.4408883,-4584.40542165848,3290.0560281174357
-738323221.2646134,10165.494245108539,738994228.6078933,-2198.2485851733286,1095.1279433594118
819914122.952531,-15479.408581268632,-821299441.2589728,-5107.90460843434,3664.177320702506
-811037486.2759833,11172.070850079248,811775918.7322505,-2415.9909920287655,1204.3037269943782
887499360.9888628,-16752.03997773169,-888997935.733085,-5532.055957724472,3966.920904153573
-867646887.7598014,11957.128696422087,868438165.0451586,-2585.8797082358096,1289.6768524815927
936957531.4492728,-17682.320165574365,-938538701.6982771,-5843.372923557554,4188.6699855291345
-906276836.0396432,12494.63996836586,907104620.4585719,-2702.284296384907,1348.4144090597836
966570532.8563808,-18237.94940808788,-968200773.1369071,-6031.027904713404,4321.719164637193
-925483118.549145,12764.493815102112,926329703.9509355,-2760.852227173984,1378.3187142268139
975104613.6063337,-18395.776851754592,-976748353.5167396,-6087.207143291799,4360.52698708693
-924301212.2336836,12753.182918666093,925147959.638633,-2758.6574266209827,1377.902292991289
961855024.7659923,-18142.638584011307,-963475542.6791081,-6007.393193005,4301.916418150486
-902283832.8851361,12454.328251273222,903111642.1464294,-2694.3139329511773,1346.4455211073337
926677388.7937678,-17475.945119428994,-928237757.1896513,-5790.564829974227,4145.216032554536
-859525320.3610629,11869.0227656376,860315125.9267968,-2568.050389002065,1284.0347627689127
870004533.2936519,-16403.994115717356,-871468591.1481317,-5439.306287177253,3892.336169992986
-796671762.2428918,11005.978324436664,797405040.0001326,-2381.7420727196068,1191.5793399437964
792847856.2819732,-14945.991554638415,-794181182.4444753,-4959.820016045453,3547.7759707422265
-714916151.480248,9881.466195692885,715575422.9860413,-2138.8982820229144,1070.8061961525489
696782751.1524557,-13131.772124343897,-697953611.8775853,-4361.83976247074,3118.559061923844
-615978267.9370385,8519.046382595605,616547587.9721824,-1844.6041047707497,924.2317484349013
583918031.1712207,-11001.21816907011,-584898274.9168298,-3658.44352115378,2614.097651559068
-502069417.2336633,6949.087512704908,502534830.67519766,-1505.4168910893725,755.1110499211159
456849776.0784806,-8603.385131027084,-457615649.440916,-2865.768810921473,2045.9868525043905
-375842595.5126235,5208.084828088587,376192549.9689205,-1129.2190843792375,567.3650600915047
318600476.26719993,-5995.350258654536,-319133336.4339766,-2002.6356543920804,1427.7331523973448
-240329099.17254356,3337.7902115096454,240554800.6987701,-725.0303875736369,365.487479210785
172544817.81169903,-3240.8099618900965,-172831719.2066958,-1090.085490988161,774.4229880642885
-98863024.76482347,1384.173913349365,98958725.25467265,-302.78353133336805,154.43325711506347
22323875.85060667,-408.4593045890641,-22358011.657508332,-150.847005125479,102.33932695546727
45004494.32446629,-603.7565922947141,-45041287.79776527,126.93088609965108,-60.508517578729034
-128250113.87545137,2429.8054034545735,128469130.95955157,791.2576787153321,-571.4640667138254
187599108.55015296,-2575.2503781415116,-187767510.16415814,553.1439373523173,-273.8540848154268
-275295898.6155014,5200.813541341753,275761927.7821862,1711.950799694419,-1229.619464219736
325222619.6504827,-4479.184834846912,-325518332.45548695,964.8048133556837,-480.07312272730104
-414969477.14962256,7832.123974789638,415669919.7320805,2587.163366102668,-1854.920632233752
454255145.11710167,-6265.477524268787,-454670522.7546365,1351.0859877561468,-673.7414045491673
-543571500.6642509,10254.049266624557,544487550.8713554,3393.707471810061,-2430.8035373508756
571257166.341291,-7886.497889430798,-571781369.1064601,1701.6884031403156,-849.6936616345012
-657652694.7267303,12401.641632792283,658759767.2694595,4109.937063753944,-2941.8183724259393
673068468.1775819,-9298.437441063332,-673687710.9283015,2007.1377334547085,-1003.1721727988852
-754114161.7612665,14216.58145035133,755382487.5055575,4716.377491202935,-3374.0788530560644
756900983.8757659,-10462.597060398606,-757598870.5410849,2259.0627859486276,-1129.9666000110371
-830299488.2508556,15648.910460167093,831694863.8852855,5196.3045626561425,-3715.675019190973
820422662.3714134,-11346.551482820392,-821180599.1188588,2450.4473998652948,-1226.540729104992
-884075747.466079,16658.55486665645,885560420.3081837,5536.254807353897,-3957.036494074285
861829665.4075606,-11925.153558976524,-862627341.9887464,2575.8477531641956,-1290.142049760092
-913900744.8679334,17216.588514072027,915434409.5043935,5726.450231675233,-4091.2342949394724
879904487.533086,-12181.34484833124,-880720414.0342091,2631.5678341198527,-1318.890519783397
-918874201.7539239,17306.192768954726,920415081.363461,5761.123000947964,-4114.210840586384
874057950.5408115,-12106.743996170948,-874870034.8190538,2615.7869103428225,-1311.8434014563215
-898770999.6196551,16923.27797301264,900276981.7256783,5638.728169191914,-4024.9297337856024
844353471.4064827,-11701.99053719885,-845139620.949471,2528.634141669938,-1269.0337054698105
-854055116.1016535,16076.740706597222,855484910.2300186,5362.035715014503,-3825.439147381757
791512502.1163796,-10976.828572846072,-792251233.0093286,2372.2069796114697,-1191.4805278717179
-785873437.1617906,14788.34170730377,787187720.5788606,4938.096645775777,-3520.845157312332
716900593.6133823,-9949.922473833924,-717571628.7138414,2150.5316408346166,-1081.1703811048244
-696029231.4206338,13092.20062976499,697191748.818959,4378.081690248115,-3119.194049188046
622494121.7155994,-8648.404834365832,-623078960.104977,1869.465689227448,-941.00949713648
-586935703.5113703,11033.915650628773,587914287.261389,3696.9949998148227,-2631.2654059249917
510828316.84309703,-7107.165234124225,-511310757.12368405,1536.5445637500077,-774.7479807634638
-461550667.69245356,8669.327773543127,462318147.07564676,2913.269204863513,-2070.2805890480745
384927833.0281345,-5367.89664985517,-385294434.11927354,1160.7756797398044,-586.8775956026195
-323293997.36528796,6062.961268133523,323828968.02921456,2048.2520266350416,-1451.5339760691272
248221671.6433288,-3477.924399580463,-248462136.3605688,752.3854760080885,-382.50583953393266
-175950091.50458902,3286.1824975581208,176237520.18239352,1125.598301460581,-791.9569324849679
104444809.06592742,-1488.8498559108127,-104552277.89225699,322.52637663674795,-167.20977666686974
-23558114.625432216,415.1292842917099,23589758.844927635,170.58460634818206,-109.62687339610127
-42470649.06112442,544.9521566344955,42499404.06426537,-117.04792672364376,53.12619203970325
129706779.2409019,-2471.5286460972434,-129932151.30664927,-790.633464031474,576.7642037283651
-188511565.70683125,2567.9379164147367,188676053.99796662,-554.3292867151126,272.4838386276752
279657667.5644555,-5294.93081461953,-280134265.9480351,-1731.7990564956688,1248.46574113238
-329703601.4946443,4525.052708039001,329999638.10470206,-977.4135050920954,484.89065400091795
422221711.90439135,-7978.39671064365,-422936924.8315191,-2627.3429705237286,1887.2321290855455
-462231058.77102596,6363.390610979172,462650899.75773066,-1374.8592283209966,684.5998711818698
553563681.8722581,-10449.75156032357,-554498482.6998621,-3453.1589993952607,2475.8760383754225
-582552943.4066923,8033.803704514794,583085529.5558702,-1736.03596862178,866.2652647558006
670203195.6046346,-12643.532566809969,-671332745.8689582,-4187.340892033704,2998.7938545191273
-687511492.6259177,9492.408546703762,688142794.6970763,-2051.449986966648,1025.1050670012899
769121832.1553537,-14503.003364144479,-770416263.4372115,-4810.856805433687,3442.4459858190794
-774429578.642881,10701.940231290771,775143034.1906176,-2313.03725403378,1157.0495824006305
847856528.7786927,-15981.90922214622,-849281880.0759567,-5308.138597497886,3795.7759092426704
-841193685.2739683,11632.9080949503,841970714.135276,-2514.4135696485246,1258.8675096855666
904576042.9169734,-17045.912513233685,-906095324.878018,-5667.565629927506,4050.553514533903
-886319562.5097077,12264.512795700944,887140145.3675082,-2651.0731299305003,1328.2665784820465
938137762.160911,-17673.657264333146,-939712115.0547885,-5881.825854624787,4201.630539992516
-908998178.7628689,12585.291506506424,909841480.7760439,-2720.528361197033,1363.9648567203628
948122728.8182039,-17857.422829325304,-949712637.6214089,-5948.140738904501,4247.098566836147
-909120195.4095297,12593.466316345843,909965214.9400054,-2722.385621835357,1365.7299727446946
934847436.5248096,-17603.33971057368,-936413964.0948893,-5868.344841436962,4188.343058079609
-887277867.3516686,12296.98031839457,888104088.656455,-2658.3533856742442,1334.3845116063517
899351692.2451348,-16931.154622101723,-900857690.3845559,-5648.815447093755,4029.9902377690532
-844744002.4494172,11713.215956430968,845532031.0126971,-2532.1817067231286,1271.7769486996203
843362636.1757205,-15873.546721168386,-844773894.5804088,-5300.252512064036,3779.7471414634024
-783428376.8075957,10868.400821721014,784160536.5581928,-2349.534066295813,1180.7186338819615
769235807.8820953,-14475.011926300744,-770522102.5956007,-4837.314211682174,3448.1387953020135
-705812769.838561,9796.716674873302,706473642.4948359,-2117.795024698832,1064.8884851951907
679874942.8911914,-12790.347131189643,-681010948.8286111,-4278.118471001606,3048.150034902215
-614866531.737249,8539.137827449598,615443419.8763896,-1845.8193396191696,928.7081676963552
578632937.8579752,-10882.780405330244,-579598974.0979141,-3643.6257103691746,2594.7828257221236
-513945298.15283173,7142.034724767414,514428595.66323584,-1543.63028907463,777.1915980307324
469197114.1039438,-8821.806408091588,-469979695.85541487,-2956.922354536641,2104.543031221151
-406676091.16474223,5655.587316667671,407059547.8159647,-1222.0767996387087,615.7735811906384
355462503.15027875,-6680.7975123944625,-356054680.54412144,-2242.428288743815,1594.87330936401
-296832570.045841,4132.060211865892,297113440.77024394,-892.4605886514172,450.12319458639246
241397362.74362162,-4534.469978740451,-241798833.7399087,-1525.0543968876616,1083.5510281813952
-188204606.8028373,2623.997331611656,188383680.29538244,-566.1458093162129,285.94814714203767
130905479.02427512,-2456.290843174879,-131122471.47131588,-829.3386297228815,588.0716014720267
-84466639.67413574,1182.3976751536366,84548144.74165246,-254.16454578946448,128.79675796823904
27690006.865097076,-515.9148631441398,-27734932.71261824,-178.59051033835019,125.0384299105174
10950618.670488048,-145.06449953574926,-10959226.682866022,33.16812804423619,-16.135571522097027
-64876367.77982867,1223.2582896981025,64985475.172891974,405.9257019133804,-290.4191994078151
94980571.28931671,-1315.7121045483468,-95068937.38441063,286.61593274635993,-144.18851993587668
-143870286.72469586,2706.3187791164014,144110533.51417035,905.739940186356,-645.1793373503316
165028874.2239995,-2293.369842160236,-165184172.92514345,498.34697931527336,-251.40104907300739
-206921248.51067185,3888.791308446524,207265813.523362,1305.8301525735646,-928.5920435818836
219065326.0781193,-3049.645313904669,-219272777.96622854,662.2111358202834,-334.6516095640064
-252295923.25011313,4738.216848937165,252715130.84185034,1595.1566127461836,-1132.8580242378089
255696020.77305517,-3564.9379617859604,-255939478.34168735,773.9585794127041,-391.76906457902686
-278959972.8576,5235.31023924636,279422467.5380311,1767.055848636955,-1253.3067059199889
274212900.80404776,-3829.1359977544466,-274475482.98503137,831.3908809857301,-421.60994939218
-286614842.9688236,5374.646226039192,287088823.7351145,1819.4778439411261,-1288.5625079500626
274618612.0019274,-3841.97195493976,-274883364.5727437,834.4382922506676,-424.0987694849722
-275707849.1793897,5164.8422464081705,276162318.7281314,1755.0557445630363,-1240.5916155494194
257625415.94457522,-3613.019220252896,-257875973.75621668,785.1594455525201,-400.2293409013248
-247414810.948323,4628.2239222645685,247820793.70272234,1581.0034293236338,-1114.6256221586245
224627838.1640398,-3161.324494066989,-224849064.88095012,687.6623505162784,-352.02661153972065
-203595475.66762692,3799.9781969003693,203927159.07319546,1308.8423526577542,-918.9630620016262
177649674.0271803,-2514.6842808436872,-177828255.4646439,547.9483702964517,-282.4698237166955
-146722966.63775843,2726.8180509827503,146958722.40973777,953.964939355344,-664.6545763784133
119266912.77808122,-1708.5868034673947,-119391880.88576837,373.6837651052988,-195.37923789635326
-79789458.03907533,1465.200752790142,79912703.76839761,535.047867056038,-365.08167678328124
52509058.653781645,-784.8533507084084,-52572225.41355275,173.90621859056114,-95.27000010289866
-6191214.394690778,79.1583609947947,6191081.0998710655,73.3347617552529,-35.442862950594545
-19257805.45640319,209.97501930337035,19261521.27859364,-41.323714233703676,12.821916793159753
70403048.88505425,-1362.185011697696,-70531270.94159798,-408.18666160131016,307.8354121805016
-92462129.88103113,1226.4492079909803,92534496.17876334,-261.31415788585133,123.53559206429856
146195831.06481838,-2787.320937143092,-146450487.93338123,-885.6838743997843,647.7419743321228
-163467507.17416918,2214.157733763053,163606901.74799758,-475.16255898750944,231.39586787497964
217411333.4402845,-4125.191139097879,-217784455.30706996,-1335.4231054056302,967.3548823278093
-228717649.32944447,3123.7352182057425,228919118.53086275,-672.1900363869422,331.03125510457306
280447209.2971551,-5308.0440946808685,-280924812.38636255,-1734.722588362482,1250.5212568912518
-284880325.4559086,3908.858794175837,285135777.9210619,-842.3731515203219,417.39092329043604
332021850.62590057,-6274.206306449413,-332584485.45974386,-2062.879170350288,1482.51747882672
-328984763.59635854,4528.156380050923,329283292.4345568,-976.7566588421583,485.9524761004648
369311522.2317422,-6970.6610218215155,-369935050.7067518,-2302.0321631977627,1650.6642430541726
-358547153.7638099,4946.952451502937,358875476.2914505,-1067.8312608598642,532.9124279692417
390071921.2827278,-7355.331921725826,-390728495.8207009,-2437.9305696403826,1744.8720830500224
-371679240.4627804,5138.7815734035285,372022241.4921324,-1109.8612952773437,555.351812813783
392739197.40404314,-7398.9788730703185,-393398407.5288684,-2460.572961232625,1758.09522431466
-367175515.0271896,5086.60697365782,367516874.9280188,-1099.1487077019522,551.3700659770608
376506167.9366329,-7086.625702582418,-377136312.7049554,-2364.69274710256,1686.6744849732388
-344575234.1502704,4783.691720955209,344898117.4101764,-1034.2218266783264,520.1813568512997
341370279.1992698,-6418.455625132319,-341939717.86421496,-2150.066405030478,1530.553573746521
-304196336.55860364,4234.081681594606,304484114.1044422,-915.9402344259804,462.1689504523334
288150881.046637,-5410.128000293748,-288629410.1191977,-1821.6291715292261,1293.3579798646329
-247139366.01744083,3452.6734135389065,247376344.5737269,-747.5100241773399,378.8946696153745
218474491.04181573,-4092.491784549333,-218834694.1704578,-1389.3903375821699,982.330848841771
-175260627.87814376,2464.8554107211903,175432758.49515072,-534.4068463528911,273.0620365722793
134727937.40144295,-2510.694581959543,-134946454.54251426,-868.1471467633445,608.1249484220682
-91114956.52458882,1305.7276575193691,91210493.00016229,-284.20761262660625,148.43347204315896
39980485.30436381,-722.7090418917078,-40039149.24773983,-277.00319691498197,184.45511464332415
2130379.748474402,18.92057196638435,-2120300.134847697,-6.335481315363,9.703902274465337
-62122717.190572575,1202.6802858809317,62235924.91936574,361.2944296151363,-272.3779924747914
100807925.45236337,-1344.9498223535916,-100888803.04369998,288.273751293068,-137.6652455188023
-167492373.62618917,3188.3641357385427,167782589.21164155,1021.1767480947016,-744.076566264939
200884635.79806447,-2730.1387332993518,-201058252.80946204,587.5727403807075,-287.6462766748412
-271747401.4166654,5151.782442003839,272212401.71762055,1675.2046154539723,-1211.0270113514455
298114098.403411,-4077.8761328156343,-298378303.3722973,878.8572277601081,-433.8726663219617
-370382462.0426575,7008.08106991783,371012469.2160379,2295.1175033428203,-1653.0502086126057
388200864.0750847,-5328.640280871446,-388549507.83050466,1149.2575909791274,-569.8852355991031
-458944469.479472,8673.436249761313,459722251.6416982,2852.9407881971315,-2050.1922469663864
466970730.8498329,-6424.5162483396225,-467393760.8713439,1386.248772784557,-689.387934000623
-533211392.43864405,10068.421537175913,534112663.5949803,3322.108546968112,-2383.5251666305103
530540446.87797123,-7311.549555035344,-531024161.17176974,1578.1592205239433,-786.5036341072736
-589366411.3001046,11121.285193232157,590360522.6410859,3678.5582314043822,-2635.9274584924883
575480192.9947758,-7942.002803181222,-576007645.8938539,1714.6590705077315,-856.0198055403032
-624160506.0944161,11771.007047971492,625211408.7497101,3901.7549785590386,-2792.8135442691528
598962316.1270897,-8276.424091952396,-599513862.9354509,1787.2077560844361,-893.6140771655457
-635056845.6367229,11970.01108254985,636124293.4408046,3975.6036397362154,-2842.781766491291
598890152.0398606,-8285.441592646639,-599444117.0314404,1789.442347477436,-896.050499019187
-620350877.1204375,11686.42017083503,621391828.5540643,3889.2087022973374,-2778.1535962139196
574001378.5713396,-7951.20768446767,-574534823.5701962,1717.4902342572384,-861.3381202667332
-579260817.5883051,10905.752270158064,580230987.4914603,3637.4491501615216,-2595.3806797938687
523941261.3348121,-7268.427583537689,-524430824.1811096,1570.192200835045,-788.844644723324
-511984317.9486909,9631.977582338763,512839821.56092924,3221.342745968916,-2295.300405836376
449302238.0185341,-6244.922178309261,-449725010.4664661,1349.2246740586927,-679.3597206863191
-419718272.3714178,7887.881888473753,420417299.5109936,2648.1794755352935,-1883.2265693027064
351627443.3444536,-4901.6917432019845,-351961857.93629485,1059.1139159160268,-535.1041869276881
-304640112.07164884,5714.705505706994,305144567.57112914,1931.4121882805136,-1368.8677334471613
233377160.39276353,-3272.4661779414187,-233603850.028734,707.1394373569103,-359.6834834261927
-169850426.13381085,3171.0529549680073,170127471.74931574,1090.3045871307445,-766.0717154210507
97858726.61223656,-1402.747896480274,-97961320.68643276,303.1277356019417,-157.9859284561216
-19278266.687744625,331.10091024661597,19301701.584818482,149.34555894331336,-92.40279666714089
-50878207.73083511,651.6268626841608,50912380.902802154,-140.85843667938542,63.971326748897404
142447984.8345903,-2717.840170470841,-142696562.0411481,-862.5545311106106,631.4346262702667
-208177784.33752695,2826.3627886113927,208357118.2629903,-610.9251338311656,299.24414746086615
310159893.2743737,-5878.331775566515,-310690190.964329,-1913.058792781906,1382.308356731835
-368940726.2854929,5050.952229345832,369268906.7607004,-1091.8325137941722,540.2040161498496
478332802.8456056,-9046.274269297703,-479145252.3516628,-2967.5529098510706,2135.481810811122
-527807959.5321743,7251.213858193229,528283704.22009283,-1567.5434629596643,778.812402085071
641287496.7815142,-12114.706491466031,-642373006.8203398,-3990.4077287651467,2865.51635206422
-679358280.1961643,9352.028683803148,679975262.3722717,-2021.8153099981253,1006.9172458728706
793402119.6216842,-14977.796082445659,-794742186.1874136,-4946.309596892485,3547.2200648748294
-818312607.8809501,11280.169762499449,819059569.8187468,-2438.811657326589,1216.5602371129771
929326208.0023803,-17534.869639005963,-930893382.8580366,-5801.6049718867225,4156.607574696432
-939736829.1410109,12967.116306661768,940597883.1174535,-2803.7107973913894,1400.2825326932573
1044188392.8877969,-19694.321452944074,-1045947098.6307712,-6525.606012890187,4671.831060551355
-1039235147.801804,14351.739655082383,1040190261.2649328,-3103.2868948406767,1551.4171851683936
1133789431.061,-21377.241013228493,-1135697098.4838765,-7091.807307086273,5074.045663100913
-1113126155.3162706,15382.751573541575,1114151802.3921182,-3326.439769924985,1664.356304690036
1194772578.8102436,-22520.61518413757,-1196781068.3494449,-7478.962143603243,5348.174286437418
-1158594178.0537825,16020.812734356676,1159664131.3362277,-3464.6511243275086,1734.7816227596463
1224764099.0162737,-23079.966972423987,-1226821354.6282375,-7671.970775093649,5483.538651490227
-1173809431.9534996,16240.21182809491,1174895672.0605218,-3512.3481865965314,1759.8488079406823
1222477710.0790992,-23031.31225257667,-1224529585.772875,-7662.544639439816,5474.329438439936
-1158011602.0748336,16030.03868274571,1159085310.0088573,-3467.1580612605894,1738.317005719993
1187778155.0090735,-22372.345591131423,-1189770345.6183846,-7449.615499548225,5319.892710259426
-1111552811.4650662,15394.795033365739,1112585401.582964,-3330.040188900893,1670.6175167393144
1121700546.1847303,-21122.79609169533,-1123580547.0292811,-7039.4652040945,5024.818211433885
-1035897432.5212382,14354.408410686514,1036861591.1297039,-3105.290097176071,1558.8579849315101
1026423923.0377239,-19323.918747863365,-1028142942.8148619,-6445.568770413513,4598.824168634773
-933578097.562664,12943.63818386959,934448784.6972914,-2800.411702289689,1406.7600497159856
905199293.3536066,-17037.129129651756,-906714043.7419025,-5688.152831431189,4056.436062329637
-808108858.7817088,11210.886301115475,808864232.5382702,-2425.8603939160716,1219.5325004252209
762234262.2773952,-14341.823553639462,-763508551.7759194,-4793.478153245025,3416.4709559633293
-663858198.3029702,9216.450522154579,664480423.7775377,-1994.6659400810497,1003.6838600022123
602538163.4128531,-11332.455044138645,-603544229.9648504,-3792.873783112019,2701.346518736185
-505886461.43054706,7030.28189406544,506362369.68613183,-1521.9482379726278,766.7802998948997
431733343.778183,-8114.973920083899,-432452868.9125066,-2721.559197722227,1936.2357903225295
-339753742.4699258,4729.329671288146,340075316.52099735,-1024.3430905637879,517.1587600476257
255839738.75665972,-4802.769472562947,-256264500.7159818,-1617.2939508282275,1148.1028330003103
-171305465.10130975,2394.5750074676366,171470123.251528,-519.3610631598592,263.6056178825064
81041092.90381959,-1512.2647369015317,-81173227.14952728,-518.9113954107851,364.6559309286696
-6444191.2339799255,107.86937976361814,6454858.644562994,-24.7041723691012,15.013715828928595
-86557875.74842417,1641.6554466709931,86706023.14255556,535.2046014915323,-386.7403687274681
149103189.20116976,-2051.2946967995904,-149238222.1681783,442.43286122533624,-219.96846336763036
-241173514.31428942,4550.196509301925,241579936.90020773,1508.6434535060623,-1080.1502028990765
290013467.50615525,-4008.948111132063,-290280906.0544502,866.0469760674821,-433.281387158585
-377574488.29043657,7115.006179888543,378208456.7169428,2368.423613635763,-1692.1043577776984
411580705.6731901,-5699.614693761865,-411962808.99072075,1231.9690714664198,-617.7777591666414
-491292510.5050996,9252.13558741989,492115860.32875,3086.320465310312,-2202.5438099341877
509906401.8745243,-7068.958862598251,-510381723.21973807,1528.4372608465744,-767.5121284771321
-578803514.9962987,10895.439407745207,579772236.4650427,3640.013442914181,-2595.635187714216
582058009.4047184,-8075.995342846755,-582602284.3968952,1746.5749899283546,-877.9825671331026
-637671276.2689849,11999.273330739912,638737340.9686778,4013.9951618238115,-2860.415071076739
626188612.8833795,-8694.764175826545,-626775768.702804,1880.753949774809,-946.3150917262793
-666646937.9770768,12540.357071090346,667760290.6445429,4200.205653870688,-2991.2382396483827
641612352.5985733,-8915.393010685244,-642215585.4193672,1928.8245927912646,-971.3814079712997
-665719700.8885016,12518.716204884275,666830332.0674479,4198.362577347424,-2988.006977382729
628831762.553479,-8744.492283486292,-629424647.8952957,1892.2018030528563,-953.8445679890979
-636115834.1993442,11957.655233307536,637175848.6062537,4015.962356460659,-2856.169616217855
589515096.5917374,-8204.858394419283,-590072683.6481433,1775.8018985535398,-896.1291003322414
-580245351.2856758,10902.74127693494,581210944.2372227,3667.956758115372,-2606.4824832205104
526424179.5205869,-7334.488539390027,-526924019.54057765,1587.8299717887073,-802.3166465463188
-501597971.93877065,9419.837676972316,502431228.74069095,3176.108197344587,-2254.5467269836345
443295008.94227695,-6184.939806977759,-443718076.236216,1339.4253251776172,-677.969763023363
-404592119.529813,7592.252800854741,405262559.4928479,2568.0469327259575,-1820.133448806406
344675629.30205166,-4819.09336156144,-345007097.09122545,1044.179059547488,-529.890861300893
-294382804.4535921,5517.114962553581,294868602.1281308,1876.0735296112523,-1326.323298515198
235727833.12684646,-3308.4128567389075,-235957662.20843032,717.5409671867866,-365.82599486461845
-176636162.3993359,3301.1280931405686,176924989.50669664,1135.743860435114,-798.4981034150613
122000568.27519469,-1729.8100608419036,-122123887.93844816,376.1422669943267,-194.1251059400739
-57279968.81571541,1055.868249843602,57369417.87200632,384.3060040573822,-263.22347540794317
9184723.397326503,-162.245667186525,-9201986.060937228,37.060547531377374,-23.373113174234756
57759349.898122184,-1107.1648318438392,-57861781.70634384,-340.9518116483431,252.93070432525366
-97140433.80939622,1316.7880341015398,97223539.38085452,-282.9410471221658,137.99216075616462
162821918.93912244,-3081.5361478737286,-163099289.8385176,-1004.3711026336529,724.5777632062357
-191758081.83373594,2634.7493760877996,191930949.12681332,-568.1666966605214,282.0593032855071
252770180.34841284,-4770.689292782954,-253196990.6941016,-1573.5306980760784,1128.6618278520937
-270050828.5360181,3727.343596401108,270298474.91563106,-804.7017799723562,401.8026714066481
323223867.36320764,-6092.358344415618,-323767337.4980951,-2020.733640187753,1445.5129180294982
-328213428.0122653,4541.482941510425,328517241.7086703,-981.0524830193579,491.4055778928338
370763520.851412,-6982.394755599274,-371385207.959266,-2324.288679600277,1659.7591147663643
-363431060.816469,5037.7748862384005,363769712.98916465,-1088.6854937227042,546.533075558574
393093000.87889576,-7397.811346544319,-393750684.5217693,-2469.5453149919076,1761.0582656232211
-374015220.08343935,5192.42105854236,374365710.28200173,-1122.4384949755788,564.5407045984186
389153221.3425986,-7318.918308639066,-389802976.3458456,-2449.6145220979074,1744.6097523020576
-359490086.30412155,4998.435142453309,359828874.7742198,-1080.784743182357,544.6093432366285
359181268.3950564,-6750.418163899435,-359779634.0570582,-2265.754243172721,1611.420800323686
-320625100.65163827,4466.110886523238,320929270.25200033,-965.9346785915583,487.79922770044794
304711407.16972077,-5721.418022309648,-305217554.02138793,-1927.3840864701965,1368.3152463400831
-259411187.75960428,3622.7116324244107,259659594.35896116,-783.7698520544575,397.01867842759555
228517027.64873248,-4284.3234327781,-228894824.7923546,-1451.7328716363593,1027.6743001010273
-178981048.71397325,2511.3814642711695,179155397.5482578,-543.6077021161309,276.9085037639067
134495238.46712574,-2512.6565716843784,-134715124.67086053,-863.1216407309416,606.9219851809759
-83475982.73517224,1189.3131848720357,83561783.70000595,-257.806346168883,133.64535855208734
27498322.17701284,-497.8748797340681,-27538892.09667979,-191.91374422475448,127.77264175684886
22135416.99412427,-274.7540072072305,-22148055.43139092,58.776231554332334,-25.328459813561448
-86881141.8446741,1654.6786368717821,87031911.9688226,526.8294298554262,-384.73235530623424
132279372.71774279,-1803.605093068926,-132395162.03177197,389.44592303936275,-191.63699625454754
-202562517.50637263,3830.5299683364265,202906468.69657195,1254.9288151408705,-903.351769955259
241030432.55182496,-3315.0605634068743,-241248550.83214062,716.4314427445363,-356.35152404194844
-313255930.9631363,5911.322193485996,313784386.58203155,1952.8376589481948,-1399.8951604955862
342385342.03180826,-4725.772924927331,-342699340.5231776,1021.7053373780924,-510.4026738781924
-412755379.88049006,7780.331911413156,413449301.4210108,2581.4835409353104,-1846.5356668180784
430545126.7762295,-5955.141413084479,-430943100.1634451,1287.8308009044492,-645.0062820045383
-495232999.6784386,9328.006334571783,496063634.47865313,3104.1204002070435,-2217.1288014996767
500192715.56220734,-6929.1698448028,-500657728.9368527,1498.7959682834355,-752.0836647751129
-555521114.365796,10457.264392647885,556451112.7615327,3488.1058053849515,-2488.479237736226
546753204.1351701,-7584.086436355391,-547263973.6257868,1640.7972916042486,-824.656282682751
-589368860.8567654,11088.31976125832,590353822.046867,3706.520829451453,-2641.4897206901396
566624573.6697116,-7869.557465751012,-567156355.5279083,1702.9351143383715,-857.1975512305596
-593661184.4326563,11162.793905109404,594651564.4149163,3739.555285403206,-2662.14777048019
557367752.1274549,-7751.340756197683,-557893424.82379,1677.7878841026313,-845.9230785682556
-566589488.4260066,10646.914486006448,567532792.0286056,3575.5903785843934,-2542.289340231582
517846417.8431365,-7213.242403887099,-518337688.32657856,1561.8363484900708,-789.0067867283575
-507765114.39680177,9533.641019232398,508608272.2457819,3211.9233572613393,-2280.1131109371486
448309301.2324124,-6258.27865462453,-448738002.75353074,1355.715388914318,-686.7096545508379
-418269437.29529077,7843.594457452487,418961264.42930746,2655.094060957265,-1880.4049954861368
350410031.81626964,-4908.971263215572,-350749437.1712056,1064.278652988695,-541.415222515379
-300637039.83729976,5624.726777748703,301130661.62099403,1920.7908372977238,-1354.4674685156779
227162420.27235425,-3206.74583621538,-227388524.40379405,696.469452767779,-357.5670149019655
-158771446.3995855,2950.725874751991,159026581.04161724,1033.3321823502079,-719.7429941510309
82832122.65982746,-1210.4478792334608,-82924823.81979448,265.0002100698905,-141.51003661722496
2203882.1190443514,-81.8019071946543,-2218893.905488478,24.740010166697974,0.8504405134083116
-77231651.53620252,1005.9770240463008,77287520.71029636,-214.14836637164328,98.75899677816471
176153739.22944424,-3357.2573958003545,-176460254.8855618,-1066.560383811486,779.8511156040739
-246817647.9723631,3356.543481955483,247031495.50309834,-722.3886347738027,353.92227902061927
356189983.7260953,-6745.925264048058,-356797814.57648265,-2197.3606191280637,1586.4114081677117
-419118047.62184566,5746.899739815267,419492941.7285147,-1239.3203254378257,613.7390191073366
534969933.1212744,-10109.596386131121,-535876600.2953692,-3321.540865618747,2387.6345563501677
-587026558.136002,8078.459637045506,587558925.0915188,-1743.623515726289,867.4935937852975
705021369.7339128,-13307.682282315462,-706211904.1929829,-4392.110871561998,3150.0304028063347
-743455745.2492247,10252.803351992447,744135363.240221,-2214.0107508796614,1104.474079638534
859079460.7880527,-16203.55742717587,-860526766.5688385,-5363.328977121922,3841.025793619262
-881659423.3914195,12176.155106676319,882469719.0328416,-2630.195242026225,1314.4594214657773
990420322.431372,-18670.830820144736,-992086096.7344022,-6192.802294538098,4430.460087351784
-995545118.1223166,13763.726195485666,996463756.978243,-2973.8305099132117,1488.192846426152
1093175622.2964318,-20599.259668731,-1095011799.9517212,-6843.470250203252,4891.996423515137
-1079961942.2911527,14943.720688701333,1080961691.6572747,-3229.3772905079995,1617.819234883155
1162613271.3571184,-21900.024761844037,-1164563936.345717,-7285.37727635157,5204.381550445084
-1130950138.883426,15660.814270688663,1131999967.6958144,-3384.856094794418,1697.2654805565667
1195370636.518297,-22510.10481714409,-1197374320.496329,-7497.1484731430755,5352.493035510428
-1145939836.4601178,15878.92842500715,1147006205.5998662,-3432.4483844238302,1722.5451046321086
1189628458.4491222,-22395.541749341057,-1191620726.84604,-7467.094399972052,5328.121415110504
-1123889121.0003095,15583.167930705893,1124937407.6267524,-3368.9157177305697,1691.9716087718402
1145216540.5598052,-21553.41147610988,-1147132751.7604537,-7193.88709834872,5130.446279999847
-1065353668.7853652,14780.805873320265,1066349660.9894105,-3195.814214248206,1606.269047365392
1063644921.9704267,-20012.40228021311,-1065423035.071817,-6686.768596249142,4766.178961950116
-972483835.0105578,13501.26567483647,973395228.8622797,-2919.490862231659,1468.5729226915528
948058057.2836773,-17831.93535193642,-949641359.6013176,-5965.274353539069,4249.359593936253
-848947873.8312259,11795.073718341326,849745703.5161978,-2550.8582600233194,1284.319549729228
803112705.5603199,-15099.85878448392,-804452332.7115622,-5058.476722685584,3600.8124562295015
-699783922.8963003,9731.824260755124,700443856.7531652,-2104.954752722803,1061.0272634445241
634784188.7174205,-11928.78882236429,-635841317.8236295,-4003.7761815205045,2847.279651109624
-531186392.0226309,7397.229088275893,531689832.4228155,-1600.3072267968566,807.978017115986
450108877.0766057,-8451.258039603952,-450856487.1136979,-2845.2900242700352,2020.2687682034443
-350235918.5148635,4889.382045654993,350570851.86848265,-1058.1234467761653,535.8127960145789
256874122.07453418,-4813.873501796821,-257298234.13365215,-1631.908095021232,1154.6643248343323
-164584645.52452564,2314.398223563107,164746199.59020928,-501.3493871999047,256.0585985161259
63269382.799318284,-1170.7501460532114,-63369716.18108116,-415.1021880592642,287.1648651089422
17888916.40428701,-218.3726101799344,-17898237.490146477,46.36597376362395,-19.391705654725794
-122485498.88929045,2323.484724565694,122695492.19735083,753.4110903773773,-545.3830803188139
189439622.1939183,-2601.340333767789,-189610039.9893727,561.7507866115328,-278.8227224127429
-292517664.88786864,5520.789026464822,293011395.9541612,1824.0455240787985,-1307.6768422544453
342813154.7704444,-4733.641514834553,-343128054.7177918,1022.9848356617655,-511.2376645474272
-439666420.1826671,8286.571950558466,440405367.93621117,2751.646466188008,-1967.595429174995
471584226.94936013,-6525.843537078633,-472020915.71627986,1410.7172943506007,-706.8715206833532
-557818710.9079636,10505.998373335247,558754185.631949,3497.6076004516826,-2497.7047492465003
570459155.842312,-7904.158052282562,-570989905.4099199,1708.9785008713473,-857.6514304659821
-642198531.9016331,12089.424340629217,643273919.8013057,4031.699943656519,-2876.5567524609423
635527904.974353,-8813.95608039933,-636121236.8974885,1905.9408199659347,-957.5815692981171
-689595833.5054338,12976.69235962659,690749220.7514477,4333.521916445259,-3089.7177519879842
664452869.5642695,-9222.407363120437,-665075020.764404,1994.4902001204339,-1003.033119087921
-698523189.7671368,13140.066672132429,699690244.9746826,4393.496120248827,-3130.473174354835
656584553.7622031,-9120.106263758751,-657201055.6724703,1972.5785578751613,-992.924187561374
-669291802.382126,12585.650042225268,670408782.52027,4213.359175928454,-3000.170813432019
612997640.8750563,-8521.592882121135,-613574937.4961596,1843.3372580968075,-928.7796134805826
-604002161.0958092,11353.195326613533,605008898.2435439,3806.1146847417303,-2708.1815343411313
536444742.52050745,-7464.730815890438,-536951770.0544847,1614.943244978317,-814.6662675737916
-506448778.8730917,9514.301010899742,507291504.40930927,3195.444957226002,-2271.4746413019498
431229058.0157668,-6008.957491284659,-431638709.7080999,1300.2412765473166,-657.005433079661
-381942572.2299385,7169.058690883464,382576441.22117376,2414.6034137940587,-1713.8237857170232
303001145.87650996,-4232.47827827392,-303291550.2793359,916.137646045935,-464.26988470319066
-237058517.26216537,4441.296850094174,237449708.70431435,1504.8352090717922,-1064.677566061711
158488796.3349709,-2228.528610531395,-158644345.4763181,482.792160228831,-246.57903084399754
-79320005.82567805,1472.6359765099955,79447293.601164,513.3974060637613,-357.7458419985105
5172399.541116172,-100.8752502473733,-5184474.902620871,22.64542513357337,-15.210682694198788
83165439.52052927,-1584.3686241569862,-83309725.50310294,-508.7292883246391,370.63251118257205
-149078940.99516773,2041.2317815609215,149211582.57428473,-440.6728627914457,217.9476322733177
242101806.80895105,-4573.670971421112,-242511480.87874472,-1509.3286976768613,1083.2629914689664
-296393130.97146547,4088.415090292763,296664333.10836595,-883.5023840548738,440.98157129678435
389412505.6208558,-7343.406668394143,-390067907.7194528,-2437.5172881395742,1743.9244865113785
-429283909.83746254,5936.573629315546,429680458.1914539,-1283.3211298150932,642.5387660255798
517640605.1684495,-9753.417587150274,-518509649.703845,-3246.2665370399654,2319.1644106625486
-541023599.3525692,7492.067397525831,541525915.0052178,-1619.8671759479391,812.3944572155954
620321502.7138233,-11682.25552106478,-621361348.115982,-3894.754296340387,2779.9708199195393
-625981130.5413085,8676.424020942392,626564283.5718846,-1876.1571611462248,941.9656616049986
692309245.6929846,-13033.311545132246,-693468506.5944581,-4350.426535505765,3103.2371671814635
-679908144.6419665,9430.327428533561,680543140.0013471,-2039.3496302414187,1024.7477104536251
730039731.8909875,-13739.756264679565,-731261127.9993625,-4590.663517802372,3272.944438968501
-700158302.7234156,9716.68150745437,700813576.3635049,-2101.4083716393147,1056.6504781091887
731716924.6710603,-13768.030744039146,-732940237.4072709,-4603.962638584722,3280.9984028036306
-685828064.156461,9522.584762492987,686471116.1161604,-2059.5302256742903,1036.2162861722577
697411874.7052912,-13119.696321166106,-698577065.759203,-4390.573022504541,3127.676015024849
-637810939.2414296,8860.103667022786,638410022.630309,-1916.3131222638,964.7071278406777
629068523.3846714,-11831.531315483708,-630118859.4892927,-3962.5434780186015,2821.6539395514183
-558761465.4889562,7765.791849433807,559287246.4976834,-1679.6527722629824,846.0552466285653
530414904.5796292,-9973.848538342732,-531299930.65552706,-3343.174288309508,2379.6127048876256
-452969611.8292512,6298.9634591589465,453396716.3099027,-1362.369894884916,686.6778926401084
406783032.87051105,-7647.097010723399,-407461241.45155865,-2565.8931740043386,1825.4312755975398
-326150867.81723684,4538.793266145109,326459234.6719333,-981.5834797651668,495.16393185373335
264845489.09342,-4976.898183798996,-265286547.3975331,-1672.6050993500214,1189.0076743651493
-185161588.22499728,2580.375092598513,185337558.62863064,-557.8586617637064,281.84656575773
112280972.78726995,-2107.748686153384,-112467389.42993557,-711.5929071072301,504.7607048623559
-37653104.6360226,529.9259135069923,37690188.6116934,-114.16961885165864,58.28240267807966
-42615079.06677563,804.3077756824326,42686938.75719542,264.93035614212084,-190.11521655640615
108318599.16982192,-1500.631833067908,-108419321.65742993,325.2721379221253,-163.33781784420938
-191355726.69225955,3599.679727375984,191675335.7877107,1203.4973864959175,-857.5565176857717
244708326.21662745,-3399.441305161201,-244938194.3937457,736.2661273650498,-370.8176928513906
-325702389.2786991,6123.499608124001,326245488.3897061,2052.157394074139,-1460.6031393423461
363901339.2190181,-5060.545798143289,-364244495.9688266,1095.8851593399522,-552.5912286655993
-438097080.31324697,8233.74899673093,438826827.2407334,2763.2014157858225,-1965.3375454022173
459115850.7948674,-6389.488877083747,-459550007.39858925,1383.687065309423,-698.3340644334676
-522064787.59651893,9808.819780625307,522933576.970015,3295.7020923946743,-2342.690413906894
524767473.06219953,-7308.390059956397,-525265019.4741631,1582.8130948800417,-799.5181675128605
-572564978.2159673,10754.116117585867,573516845.5277017,3617.735184359293,-2570.0186442850995
556776396.86381,-7760.228136536203,-557305804.545636,1680.9150407355046,-849.8807289590868
-586273480.6323036,11007.34514970419,587246973.8824642,3708.1643512702503,-2632.3715245096087
552800709.6536828,-7712.1007517918215,-553328158.1611854,1670.8610268729142,-845.7819324688419
-561779280.325038,10542.206204554303,562710656.8838062,3557.891284531071,-2523.375599067656
512382795.7996911,-7157.27789864624,-512873941.7959826,1551.180456469707,-786.4315849477318
-499684895.5262944,9370.26596759724,500511483.119815,3170.499228904016,-2245.6872847743734
437000033.2122299,-6115.926184353896,-437421832.0892739,1326.2214270826407,-673.9710382625883
-402603776.9647987,7540.897000685849,403267326.90143377,2562.248000929371,-1810.9837046659757
330015785.1253262,-4634.447278331258,-330338271.40547794,1006.0083424854649,-513.4040752699375
-275053371.1278336,5139.254790235254,275503229.74532324,1761.411328551632,-1239.4855052886778
196531765.7278134,-2783.4444465029164,-196729699.1382741,605.8027051035739,-312.37811094118865
-123247848.47919914,2282.369075219251,123443779.65594797,806.9810771538084,-559.0294404499269
43147957.58117957,-654.4019511795548,-43202247.24014057,145.3853990923393,-80.82480032526433
45200277.78383499,-886.4763805367855,-45285770.58184889,-253.20401852667248,196.26798721138252
-122358869.53466628,1644.7698938375709,122460040.17839307,-351.9065509602265,169.5234343924279
221655560.7833836,-4204.810332708654,-222035540.81901383,-1364.8168703059014,987.6927803817557
-291422605.70159924,3995.110225669417,291683016.1613175,-860.3425093523008,425.717756549433
396893778.1156518,-7499.14275733841,-397565907.4160505,-2469.772998609019,1773.8797052692703
-455122125.72389233,6272.638909486856,455537163.1643118,-1353.102767243042,674.2493702968233
561573239.800506,-10593.829301188038,-562519598.1772391,-3509.198085808194,2512.9257303379013
-604640687.1071109,8354.740761751484,605197423.1645633,-1803.6595969141315,901.7451290113735
706719383.9136542,-13320.182756001157,-707907096.3347597,-4426.481889890856,3164.5636491938226
-731726949.674673,10126.576907183424,732404652.0786709,-2187.164351202418,1095.666791658886
824197744.8344961,-15525.363141785288,-825580396.9220104,-5170.261472847298,3692.2841157420776
-829133723.0936902,11487.19088237888,829904782.1899401,-2481.768692159223,1244.9776620916264
907150597.6611786,-17080.582088595176,-908670377.9954295,-5697.17794882417,4065.2952868405673
-891011332.391396,12354.987787483542,891842560.8012209,-2669.8103318411913,1340.7414853729297
950374083.7538416,-17888.185773610872,-951964553.1198112,-5974.2603300895025,4260.215999151576
-913234501.3822093,12672.292611338306,914088745.0340072,-2738.799678792101,1376.621478353572
950615371.1276116,-17887.232400936893,-952204724.7865583,-5980.807180912197,4262.410649730178
-893644790.3899512,12408.737181418259,894482772.0572771,-2682.1531868854167,1349.2520781057988
906773240.6059648,-17057.25260331285,-908287902.0673869,-5709.660938093708,4066.891185376214
-832194743.4890165,11563.282486661019,832977046.6808126,-2499.6315384618215,1258.4621820442444
819990270.4017243,-15419.970874518944,-821358635.6614134,-5167.79979203243,3678.733021340905
-730984815.2433606,10164.75108225645,731673907.6110321,-2197.455530279263,1107.336070028531
693630255.9522771,-13038.868968380308,-694786396.7897922,-4376.2064532094455,3112.9762320502805
-594189609.0442159,8270.820314419394,594751800.967585,-1788.088966356984,902.1064889092265
533140392.79578394,-10016.583105151307,-534027527.05398685,-3369.010215802213,2394.0097479591973
-427875681.0918531,5965.5067921057625,428282917.00362086,-1289.6951031990614,651.8830760877587
345803750.3741553,-6490.239614762477,-346377296.47492015,-2191.9365868266646,1554.4632186416334
-239718852.09782594,3355.2516313394835,239950239.33941644,-725.290315126615,368.2279185790973
140393362.43780676,-2624.9424920584756,-140623414.49196887,-900.1354032001091,633.6572638581533
-38634338.88801916,563.7907565936525,38677331.20808084,-121.63479786294259,64.59819063021575
-73255423.82640001,1394.2740505448994,73382336.04961711,444.508150282944,-324.3133679507665
165662225.26091054,-2273.93938686793,-165811055.57007262,492.0855239724317,-244.31690628928823
-284733206.6376215,5371.630111140594,285213173.3134781,1776.446695676179,-1272.7689799544737
363140952.8858861,-5018.555984491489,-363475599.63728386,1085.7200015502488,-543.3317329709797
-483580787.80618185,9110.458812835757,484392449.59650695,3029.7731036219743,-2164.796133605245
543966344.7902793,-7533.300650533867,-544471531.5494355,1629.6829089825205,-817.5349444140561
-659822611.9967004,12423.234993745562,660927980.1114881,4141.583200517836,-2955.640567498331
699002188.637055,-9691.062265682624,-699654008.879588,2096.4728759684276,-1053.0556425964899
-804481710.5238364,15141.25381895417,805827844.7580894,5055.224274700547,-3605.01769546178
820286330.8762807,-11380.984965652859,-821053337.2365477,2462.1027090330026,-1237.7848804002056
-910049091.2564691,17123.450518586185,911570559.3916551,5723.258578198492,-4079.219232201125
901450184.1512082,-12514.311074890396,-902294875.5266917,2707.363826702147,-1362.0142447199164
-970882540.8372761,18263.891005841666,972504541.1448877,6109.98375225872,-4352.903619927458
938060407.8460866,-13029.144608063425,-938941041.6969304,2818.8572614269056,-1418.9571668518067
-983513207.0636115,18497.527173818948,985155199.7027315,6193.373371187635,-4410.473093879462
927864003.209703,-12893.873841472392,-928736642.522442,2789.7346421412763,-1405.1243510929194
-946842892.4855983,17803.896596004826,948422557.2881968,5966.32957327413,-4246.960733542851
870922913.1916723,-12109.058809286273,-871743604.2690175,2620.1071192810014,-1320.5319855839932
-862220539.899925,16208.55044134801,863657858.9283885,5437.174620500057,-3868.3757037608275
769629880.9637388,-10707.667934228035,-770356850.1916778,2317.0971370287975,-1168.7299624725326
-733392614.7284602,13782.110608099672,734613869.3118784,4629.347470064212,-3291.4828137582626
628603484.0646062,-8753.633860197942,-629199239.5830706,1894.5265444250147,-956.6467367596388
-566328676.5948441,10636.981080326543,567270150.9350722,3580.3129982430187,-2543.0220678539145
454466612.00637424,-6338.787193606985,-454899840.04129857,1372.2537346284325,-694.2570954048615
-368930032.8678971,6921.862435621747,369541229.5974776,2339.7331729605958,-1658.403520670079
255518872.40016672,-3578.3131945411196,-255766027.75652146,775.1911617623745,-394.08851664867956
-150635642.67570364,2814.3360745358136,150881839.39301103,966.9890521894594,-679.9408894836599
41319147.275708556,-604.9562203488032,-41365652.59516914,132.05181454805287,-70.59054787420519
78054971.96334252,-1488.109993994245,-78190963.08208573,-471.82212920944,345.2875194289857
-177800544.42528394,2437.7342873745347,177959556.2426035,-526.1117881053428,260.6008073624336
306117438.6337813,-5778.155358404615,-306634405.257885,-1907.2613506572802,1367.8413021190865
-391264849.1355629,5402.768340137328,391624291.3505921,-1167.5007757985209,583.465792558708
522569137.49227434,-9849.29993231013,-523447546.5003857,-3270.1189284764378,2338.4594570666045
-588800931.9691299,8147.30649045922,589346035.2048955,-1761.2122531733855,882.4288320771756
717037028.2579457,-13506.537692756086,-718240051.5926093,-4494.995336202596,3210.607828508832
-760971627.7611426,10540.0775959595,761678714.8380715,-2278.8442827032895,1143.1680521785388
880296670.5941448,-16576.487024782647,-881772109.0497358,-5523.702243832548,3942.8977669471583
-899667527.192188,12468.22844938835,900505253.6358569,-2695.9780392247017,1353.3632803263351
1004753652.3588251,-18916.436592226273,-1006436660.7287862,-6308.302024196649,4501.246782476489
-998531554.3046333,13843.236903196117,999462551.4261369,-2993.4573958533347,1503.3422652279505
1084841428.863424,-20421.81840908311,-1086657902.7307334,-6813.621512410197,4860.66448575402
-1053292930.6145737,14605.566631126443,1054275766.1192567,-3158.39636327342,1586.5899161278594
1117313784.0575888,-21031.699151617646,-1119184232.3928478,-7019.10229201215,5006.566043839312
-1061992056.0700324,14727.80595736649,1062983409.6147265,-3184.858637829007,1600.0923774947905
1101415571.6049268,-20731.98278468691,-1103259272.0766635,-6919.884001566361,4935.539717436117
-1025083521.7872365,14216.112149267568,1026040460.6448858,-3074.17049415982,1544.4963407134135
1038921763.6199192,-19556.13742043263,-1040660980.9589132,-6527.057347171542,4655.523603146422
-945410882.8690207,13109.871881066776,946293116.6077794,-2834.8476984370964,1424.0737144661757
934041800.9608068,-17583.390479160098,-935605844.0047976,-5867.067472999351,4185.378033578981
-828053647.282131,11479.583462964945,828825640.6378005,-2482.1377323949723,1246.4921765615152
793193449.7405046,-14934.4715838106,-794522349.9289762,-4980.293810780889,3553.872439567594
-680053835.787747,9423.062460627281,680686665.7525355,-2037.1992220189466,1022.4026226595022
624657432.931167,-11765.115387647063,-625705045.6992006,-3918.877121757485,2798.137111063854
-510036018.00251406,7060.163731856589,510508874.13459456,-1525.960241274351,764.8644727237013
438130623.1871728,-8257.658893293503,-438866983.4812678,-2743.9056430279247,1961.6595780064492
-327740587.4369495,4526.294479769811,328041832.88595325,-977.7149760510807,488.6387080343662
244201202.25039387,-4611.173330503569,-244614004.64145428,-1522.1077699201676,1091.930613848346
-143494906.54729596,1965.0605166292803,143622640.53233185,-423.5328268660775,209.38597798495073
53773609.656374626,-1030.6537576963567,-53868729.77553516,-322.2266451918429,237.86465943165143
32349467.73289093,-479.56189536262747,-32387378.571291056,105.43525963627782,-57.18739215002263
-122525946.34693256,2284.1550572773635,122724921.16180089,788.7292553388426,-552.8673002384872
189983208.58616725,-2671.1071234784386,-190169634.0186991,579.6620528843561,-296.18955076574974
-274931335.71348786,5149.693799266053,275384545.0430248,1749.1571260078554,-1236.4484511959529
320678567.1860726,-4488.126683373551,-320988127.4233481,972.868286197522,-494.36276188978593
-395074048.7368206,7408.689981290854,395727692.7330371,2506.2525784646677,-1775.3283529709129
417272119.3224797,-5830.910336393009,-417672656.18923306,1263.4770099704847,-640.8175736585833
-476446916.1424952,8938.870538006464,477236361.00469714,3018.9377175382556,-2140.304158571387
474564233.0156798,-6627.049912748182,-475018659.94663346,1435.8176566165143,-727.6408807037715
-514768258.590944,9659.80210840834,515621747.7693191,3260.161852407632,-2312.155279613005
489612891.1661416,-6835.534018756971,-490081322.5032899,1481.012289759272,-750.343874909297
-508225916.6036813,9537.473474043232,509068687.4051524,3218.4449546451706,-2282.739220735339
461905057.72303456,-6449.13959499727,-462347101.7401767,1397.4933181284068,-708.1241935829487
-457586988.8003664,8586.3536794507,458345570.5918693,2898.5741432276077,-2055.4849095569507
393395328.8811759,-5494.97704856427,-393772419.12664574,1191.1217094825147,-603.9264755484147
-366166297.49989235,6868.794925594086,366772756.20843154,2321.408901964475,-1645.2521918456746
288408764.59488773,-4033.144939413382,-288686401.09353983,874.8962156351303,-444.2965726018041
-239654259.95457065,4491.793511125549,240050154.7497996,1522.798983280719,-1077.560416329979
153412184.7198336,-2153.553552436348,-153561960.54507598,468.2663385466293,-239.03582486399935
-85812505.01069517,1601.2658318117878,85952336.94115123,551.6674283525397,-387.2234880996044
-3334569.5716452324,28.922673191627204,3333270.0426287875,-3.9163591079994395,-0.672694303334278
85947132.83967255,-1625.8669330635814,-86093174.36692163,-532.6428315559021,383.5384755422322
-172229238.2087182,2380.7115177142437,172387966.02080804,-512.7539258806456,256.22067484212363
265078109.10916385,-4991.369126144837,-265522259.0919395,-1663.6193052419233,1187.411631799904
-342855723.98204756,4756.89610375477,343176191.3736539,-1026.892880393243,515.830672059942
440481675.81067127,-8286.639313838063,-441217677.07482296,-2771.2539233820125,1974.6017932757015
-504562310.8423208,7009.260014012274,505036163.2787921,-1514.2649168097391,761.980226392534
601125049.7312074,-11304.328364998026,-602128266.2709516,-3785.9427746497454,2695.607969757621
-647058218.7054775,8994.588862631153,647667370.9073659,-1943.8830970693627,979.0350513959019
736661668.0642273,-13849.996161637446,-737890231.4925247,-4642.399774737104,3304.0054568094915
-760995922.5244368,10582.775215666554,761713445.3646743,-2287.5955176936586,1152.7885660916484
838019573.0427363,-15753.168427839426,-839416508.81904,-5283.369928789075,3759.086081947089
-838507198.4378734,11664.280453250527,839298713.138897,-2521.699948900781,1271.2767593439992
897925437.3480453,-16877.183514179513,-899421663.5347183,-5662.93698841797,4028.2097743370928
-873663103.9497219,12156.538698413415,874488611.8634317,-2628.32955392166,1325.4777193429802
911334987.7937706,-17127.279902751463,-912853030.351261,-5749.240864432076,4088.736231337085
-862832014.4778328,12008.942663133002,863648066.217911,-2596.5317548394555,1309.8564113500688
875745457.7547287,-16456.466235668962,-877203685.6864132,-5526.450897809001,3929.4272907471795
-804915221.8499352,11206.125707907837,805677310.0271616,-2422.9785312859153,1222.7234545720532
791371943.1799731,-14868.833632850565,-792689096.8755356,-4995.880413852315,3551.238639021582
-701446097.1985664,9769.34500327891,702111143.6937325,-2112.2658220819726,1066.3866156245917
661176817.2043915,-12420.106742106318,-662276585.397073,-4176.174021564287,2967.452182750521
-556546165.7410123,7755.873175653058,557074968.1774346,-1676.7819593892546,847.0848477054453
490749286.13861114,-9215.378501536097,-491564681.7548629,-3102.549146998355,2203.1359413685936
-376739212.5315175,5256.413762311902,377098715.6326411,-1136.1485664262827,574.7065056427646
288040299.59466285,-5404.12691447353,-288517593.6126187,-1825.1246071714584,1293.954850362259
-170632256.88317356,2390.6633040963725,170797522.61027306,-516.2604127211172,262.30516239997246
62965947.32050968,-1172.760557097271,-63067941.87964783,-406.4190827655023,284.39140363716473
51520436.86453278,-698.7547856804675,-51564671.093161166,152.02710143255828,-74.56241159641677
-173100278.4701405,3264.9242726302714,173391822.89343628,1081.8518946702372,-774.5324197298789
278347644.8429195,-3853.6691119190045,-278605909.0562267,834.4944601139917,-418.64163474741963
-407919796.4145513,7678.875484765145,408602720.66776437,2562.5128432773627,-1827.9127906513509
497957843.6037409,-6908.663227913754,-498423442.2629672,1495.3544996964306,-751.8864415454451
-629034493.9813902,11834.917828492895,630085875.1772313,3957.001289242149,-2819.8605980825096
698570507.2648766,-9699.86079609013,-699225623.0733441,2099.153256063883,-1056.418292247266
-824431101.7450539,15507.239078572366,825807994.9193553,5189.5594283905375,-3696.482400989801
869148210.9509931,-12073.721867966431,-869964606.2042568,2612.67316677304,-1315.4863222305762
-983188711.4377037,18490.559416160148,984829969.9806923,6191.319343203887,-4408.7857678344535
999995462.0651196,-13895.37583576327,-1000935746.0492768,3006.736021420717,-1514.3769228436734
-1096074466.2347333,20611.327202528773,1097903554.7191663,6904.0609616042,-4915.352002701966
1083291783.981639,-15056.038987536598,-1084311184.149391,3257.8078484219413,-1641.2233370433694
-1156055048.541026,21737.33271277934,1157983707.7635689,7283.438370643197,-5184.630925904513
1113529921.8659472,-15479.11114642003,-1114578468.9170313,3349.31792959608,-1687.6708688305837
-1158695947.016685,21785.21300029665,1160628524.557314,7301.497688726542,-5196.732087937146
1087835023.615439,-15124.615055972183,-1088860037.7221437,3272.6192260944513,-1649.3611517196512
-1102426400.4024067,20725.432836359756,1104264623.0410264,6948.347003187186,-4944.613154936659
1006146958.922956,-13991.730537889382,-1007095707.6422563,3027.5365628319614,-1526.2083437958674
-988655033.4254417,18584.460420437073,990302972.7054816,6232.883876739889,-4434.59825321164
871255191.6344144,-12119.276364342746,-872077579.8781235,2622.4706994092567,-1322.4510979460176
-821729166.7192298,15444.004882055553,823098137.4621685,5182.536211251073,-3686.1948336433643
688683550.4460603,-9584.102568680779,-689334700.468221,2074.050265512426,-1046.4764445371602
-608739144.6429902,11437.341369780012,609752278.3023554,3842.025141242108,-2731.2150919426895
466430275.5636407,-6497.468744879343,-466872860.216615,1406.3479893416832,-710.4238397314582
-359177336.5215495,6742.905338174132,359773587.1463046,2271.2110741632573,-1612.2453356587553
214576490.65458548,-2999.59186514524,-214782695.50885427,649.700818529447,-329.58932194486215
-84469293.25371881,1575.483183446942,84606663.07073744,542.1333506339363,-380.54177005750705
-55216615.83214029,747.3543537281752,55263606.5503609,-160.80500041863266,78.33918765073565
202598589.4373688,-3824.542489958169,-202940777.26542923,-1264.6024922386987,906.5379600113084
-330295665.89556754,4567.422469842197,330600739.6807447,-987.1044993170156,494.1754473059998
488524966.5487074,-9203.330668970197,-489344870.9435526,-3063.900795911701,2188.43311212507
-597657155.0966283,8279.826753864534,598212948.6354078,-1790.087420778738,898.2104670245127
759779088.1503955,-14306.466224752046,-761052295.2392243,-4770.500979010819,3404.4558242827056
-844609901.2264727,11708.160690789058,845397103.9335817,-2531.5926074073664,1271.2184965889776
1003489924.0382925,-18891.912922537253,-1005170540.4844629,-6303.3241263720965,4496.882946514139
-1059422974.0922602,14689.410200852259,1060411243.2827023,-3176.3579673802883,1595.440398831471
1208102615.4442756,-22742.353344906332,-1210125456.2540772,-7589.6120961905535,5413.900890611349
-1231924963.838016,17082.28728557437,1233074405.0294056,-3693.823452150621,1855.4925032455317
1363967705.1146939,-25676.267376271477,-1366251464.2252643,-8568.641111076146,6112.248600512929
-1354023004.4310408,18774.444853760953,1355286140.366113,-4059.691831258054,2039.1529744456705
1463832205.3970942,-27557.1670318423,-1466283445.7621968,-9194.814683941515,6559.4197481223055
-1420114323.8211203,19688.193660839042,1421438450.0385766,-4257.1651773798685,2137.9843139089185
1503206801.1926498,-28300.504715863226,-1505724558.6481528,-9439.973860397875,6735.308858547652
-1427368768.1164901,19784.42206145198,1428698572.6020632,-4277.792563925606,2147.759400714155
1480590080.9326725,-27877.895441478067,-1483070843.8361495,-9294.804448278679,6633.215755635386
-1375867673.99475,19064.515240816403,1377147984.8731687,-4121.884784482327,2068.6689907337623
1397538316.5040116,-26318.436965708173,-1399881123.8840215,-8769.269153285377,6260.156801555491
-1268592105.6324456,17570.17762379252,1269770624.2403777,-3798.4753011149023,1905.300162727995
1258577496.3342986,-23707.065484046274,-1260688892.0962346,-7892.044245503624,5636.468285889433
-1111261444.1441858,15381.172883445463,1112291322.0274873,-3324.8307415835366,1666.3874499639905
1070962664.0302213,-20180.04114071066,-1072761252.6129733,-6708.993132353729,4794.7247998821595
-912031266.9188803,12611.10654152297,912873394.0132556,-2725.537837238298,1364.3505280438296
844297673.4886396,-15917.809563710616,-845718044.1521841,-5280.759966582761,3778.031377455387
-681066824.5326573,9401.47943804223,681691711.3219525,-2031.2162303638436,1014.6432761816735
590035742.9553134,-11135.621645316125,-591031563.9071532,-3679.6125023049735,2637.7811281669533
-430014917.3066065,5914.329732290828,430404075.4969437,-1276.9261400118771,634.9492266439116
320887387.1979343,-6072.410589487666,-321433514.6901727,-1985.7023062725746,1430.9976857979157
-171402241.6667621,2323.854833786573,171548994.79673645,-500.35531082758365,244.26623537657156
50167040.20719758,-978.5147763035017,-50260539.716384225,-282.94024875164996,217.4029673274971
82008057.77641156,-1192.5438826175834,-82098372.38221993,260.1187887720129,-138.0714426350807
-208887308.02445203,3897.1096923854493,209227274.08030772,1345.2957675137557,-943.6355372228379
317867851.1864449,-4463.3240142964005,-318178295.66825,967.389726620257,-493.3819837444703
-443785937.2269737,8319.518508678542,444519341.7411763,2820.3966125579627,-1996.1185873006025
524869550.2526618,-7331.49957384577,-525372588.86142063,1587.50382421666,-804.5842772731098
-643415851.9113636,12079.596361616872,644484084.1779801,4072.481388122892,-2890.233843028329
693313376.0709524,-9662.5225844416,-693972411.1739068,2091.3650367985583,-1057.0565945635233
-798593603.1343193,15004.45594243272,799922673.1267258,5043.877158474423,-3584.8345270716986
815587311.6096997,-11350.946441090982,-816358669.418456,2456.176082534215,-1239.361413027105
-902514414.2817435,16965.890026777637,904018908.2947543,5691.942101608616,-4049.452323828968
886535567.584627,-12325.53351499026,-887370827.2321631,2666.542882272947,-1343.8000291235371
-951075236.1994895,17886.456422018044,952662814.5489525,5991.091353038905,-4265.744141702142
903697384.4033719,-12552.55570919884,-904545927.2639271,2715.1878265734845,-1366.7694654331817
-943056134.0820004,17742.902055743893,944632334.7711557,5933.927724460802,-4228.3029516496445
867404981.3529178,-12037.13372306143,-868216626.9031103,2603.238625614306,-1308.9049295796326
-880151966.8898016,16566.77373671825,881625066.6110699,5531.427172880904,-3944.796693453478
780736928.4390606,-10822.563318925235,-781464519.8888847,2340.0815900720095,-1175.002537853756
-766854192.2733653,14442.212404109869,768139874.7164762,4812.178718504182,-3435.434737280218
649330759.2415206,-8987.683864538705,-649932566.116933,1942.791317082122,-973.7284537210821
-610190419.4743354,11501.072871826354,611216013.6878581,3820.727767745979,-2731.7962504188677
481065994.7498687,-6642.44582190187,-481507810.3964801,1435.170795563807,-717.1316531445126
-419336653.23307514,7915.649200395302,420044729.78394,2615.1177287546693,-1875.0876605246428
285635273.86252177,-3921.9243361141753,-285892102.94473183,846.455316001665,-419.9876518903843
-205123572.30406654,3889.405778702202,205474719.65094474,1263.7654501388254,-913.9252090826675
74026949.34392148,-979.1053317219109,-74084202.84073593,209.75111061980564,-99.00896899090297
20536596.083508916,-353.78661469300096,-20561947.9324046,-158.1613698030818,98.23815836680676
-142053248.192675,2023.1704911547656,142199106.76974,-439.7081589024179,228.03567057651583
245272273.20019048,-4581.341245314908,-245673064.58221713,-1572.6729741317868,1105.905273745419
-350791081.65780383,4920.682661499511,351132466.19303143,-1066.3953052645147,543.2467021711811
456891368.11430043,-8563.962620376826,-457646185.96676564,-2902.9875516510892,2054.401123983119
-540871633.8637627,7556.284881060054,541390338.9016396,-1636.3185815726752,829.5159622693716
644003935.3438036,-12087.353261914108,-645072328.2583486,-4077.4552681548703,2892.665686594755
-702055082.6943668,9787.905866963143,702723328.3653027,-2118.7526215854978,1071.3984171008976
796597123.3380249,-14963.02891909558,-797921876.5191354,-5033.177474127331,3575.83189453122
-825691430.6712683,11495.695081239053,826473389.7210469,-2487.7838481866825,1255.8895187895782
906533836.5217477,-17037.702790405812,-908044081.4295716,-5719.141141850522,4067.4605178261004
-905148894.7039928,12587.960840738797,906002618.8260151,-2723.594528207119,1373.0700050132555
967950890.1084435,-18200.784935101117,-969565881.4063199,-6098.71610006875,4341.323376086791
-936135361.8504268,13005.616109239256,937015005.0012866,-2813.4237674394417,1416.587008007973
977537938.8650885,-18389.64294783056,-979171301.3859878,-6151.397750611934,4382.651083515133
-916898227.9477777,12724.928448759601,917756450.8604729,-2752.161276815918,1383.9495544538509
934684876.2145491,-17592.392498987494,-936249103.0400208,-5873.718434334772,4188.790296953902
-848294284.0342966,11758.460084916209,849084716.6724687,-2542.549700162874,1276.626290944211
841492267.6720436,-15848.114353457975,-842903241.2350093,-5279.294030378056,3769.246255766145
-733728139.0328349,10154.178070474121,734407776.7156467,-2194.990736781205,1099.9433360991432
702646424.5365932,-13244.526915664152,-703827735.3806247,-4398.016986213564,3145.118052138122
-578964266.1430548,7992.8080385117755,579495680.1817614,-1726.9714660947786,862.7907141718338
525167491.63319725,-9913.270617269933,-526054342.7275019,-3274.4495990125693,2347.96448893128
-391824108.11786133,5383.591113178334,392177363.2990583,-1162.1451893966596,577.1549831789345
318045178.76427686,-6023.078414141861,-318587687.37898815,-1965.510715325455,1418.1662433142953
-181785158.57266226,2458.682275857575,181939345.85386384,-529.1184327619595,257.5041763065992
91782045.20263378,-1771.204752668475,-91947787.78765641,-537.5824254338772,402.87400415785567
40496460.57322525,-633.5102773464672,-40552146.811219156,139.99078621789718,-79.94174145280651
-142131534.94401592,2626.43300381575,142355850.40991998,936.8104134558333,-646.3490864540162
263715080.83453262,-3735.6971539481224,-263980768.03554615,811.1486163392015,-418.01717147933294
-371783735.3085425,6945.895103163667,372391539.14772874,2382.5769850008223,-1676.0694746038464
476469355.0967988,-6689.416740999617,-476934441.8368299,1450.073379614253,-739.4526757842058
-585420571.5037382,10966.108049179156,586385667.5513328,3725.7142546824007,-2633.5821664945006
667813447.4838924,-9342.699344872695,-668457072.1401198,2023.893821888086,-1027.7106101386455
-772009735.405431,14479.46741257298,773287477.3572934,4896.858411210078,-3469.43933994977
827778859.0873206,-11557.31390209612,-828570858.2723467,2502.716548677461,-1267.7741638304503
-921762067.2171515,17301.649921665736,923291406.4727418,5834.564584773269,-4139.787824703668
947842332.4281831,-13215.257914440934,-948744636.292487,2861.0296251484347,-1446.8524121334399
-1026586501.0398754,19280.179397322034,1028292797.0561539,6488.162718231774,-4608.40722134539
1021318537.3027648,-14224.193496544978,-1022286928.9966047,3078.8776975400483,-1554.9696170836955
-1080458225.8498907,20301.365098793252,1082256674.8386471,6820.062544703583,-4848.357836111424
1043660479.3432575,-14521.594730648994,-1044646630.2592946,3142.7583267703435,-1585.4128962950713
-1079684546.5909665,20295.32096612264,1081484059.3303726,6807.410573473465,-4843.169061377706
1012655536.2831198,-14077.43899252404,-1013609217.3894063,3046.202871571666,-1535.020489337063
-1023058344.0190468,19238.873103809034,1024765685.9357045,6443.0363805487505,-4587.523070885479
928510398.6973479,-12895.350593117642,-929381762.690718,2790.022679696202,-1404.300876840285
-911894712.1451783,17156.27309569277,913418710.9157282,5735.661352375767,-4087.414225371363
793823745.1936154,-11012.182547382316,-794565573.2959468,2382.2171135321146,-1197.3812828417006
-749952094.0199825,14117.739390279234,751207722.6868538,4709.379389959261,-3359.790402214169
613450884.1007351,-8496.097079856247,-614020695.950051,1837.556958921015,-921.7928176267415
-543244689.7985779,10235.953432255556,544156843.0339379,3402.453349816101,-2431.706848435686
394269593.1256607,-5443.2750729659465,-394631527.411908,1176.871231337327,-588.1063523896934
-299757845.8378429,5660.729733198771,300264647.63371104,1865.502122634262,-1339.0453196504284
144860760.15898725,-1973.4458454545913,-144987146.72665924,426.0789297637731,-209.44059804548755
-29082292.201492675,572.1563765414979,29137798.211499717,159.1793625389602,-124.86994626720706
-124879030.80612352,1775.5237298910934,125006469.82546659,-384.9824420069469,199.13150335783178
258013639.64799026,-4827.434201209682,-258437449.50608745,-1648.5347949077666,1162.4942679589913
-404173268.6646526,5653.704338932551,404562632.5900584,-1223.8719056471753,621.2477686205964
550052527.8277168,-10322.26566531958,-550964535.6540352,-3485.2941549051384,2471.564575448379
-681828416.3856534,9505.549194188377,682477277.9718839,-2056.9396132986813,1039.9606746445088
835334723.4933285,-15692.268112837854,-836724271.1136531,-5277.457622995546,3749.884861686066
-946702303.239584,13176.405950080092,947597802.0207856,-2850.7357751431564,1438.4475172060938
1102421232.9997604,-20722.15941826372,-1104258525.23048,-6953.13027073846,4946.191049652224
-1188156996.8328998,16518.80470818578,1189276357.029886,-3573.3707223557894,1800.6945436121243
1340591424.844943,-25210.058525518565,-1342828698.756326,-8445.040727610432,6012.462457692038
-1396476743.4514284,19398.25205092505,1397788181.429491,-4195.767820188453,2112.1262875901252
1540256401.6362932,-28975.26986804662,-1542829788.192062,-9693.13461361638,6905.773293668538
-1563234019.3427749,21698.295804760837,1564697989.9968474,-4692.758440504928,2360.154023288499
1693311775.4273808,-31864.933629355437,-1696143754.7389305,-10646.782088720547,7589.871483519653
-1681589872.1028316,23324.671020277157,1683160590.5677202,-5043.977715829704,2534.623300885813
1793417097.263666,-33759.299403352896,-1796419425.0408947,-11266.519862887038,8036.427754989662
-1746518360.0150821,24208.38464374099,1748145526.1936815,-5234.5307898985675,2628.1449201249006
1836193079.4953277,-34575.458018064724,-1839270049.2641485,-11525.272886256449,8225.915534139462
-1754948813.6750705,24307.656010131956,1756579461.2289934,-5255.411133284073,2636.300803230771
1819331921.8031561,-34269.43984602159,-1822383817.5252438,-11409.027077305986,8148.100782016578
-1705823663.7164981,23608.68108480054,1707404053.8402863,-5103.664566557257,2557.7213515395993
1742620160.0441802,-32836.669642021596,-1745546754.0031729,-10916.95050174963,7802.139392748418
-1600073448.7846515,22125.246695014943,1601550930.7389336,-4782.304341889013,2394.0376048358585
1607877360.6447587,-30310.837495472788,-1610581315.4656718,-10060.985118468661,7196.297392895001
-1440514223.8831432,19897.267826314008,1441838989.9247994,-4299.993414557962,2149.7162627021416
1418817567.945311,-26761.316159120757,-1421207613.7913077,-8864.9534471449,6347.325002267822
-1231675723.7758892,16988.36654719187,1232802394.1355464,-3670.5194444712065,1831.7908938407934
1180843370.72009,-22289.30782252616,-1182837144.1678066,-7363.243368676572,5279.529128156332
-979571190.8611797,13482.645012840101,980460175.2582594,-2912.095711330022,1449.5060603387863
900784856.8146285,-17022.95179320865,-902311308.7067655,-5599.149050946912,4023.5994261185915
-691421691.3926153,9480.832613514734,692040285.756228,-2046.5267643258037,1013.8941986997462
586597373.1656551,-11111.652496649134,-587598675.3529613,-3622.956237461762,2615.250467838781
-375348909.38351446,5096.001725673476,375672099.9645456,-1098.2811105592177,537.3065811891536
247032900.11794448,-4719.907347367863,-247465805.91704762,-1489.865664220348,1093.746567075926
-40050895.59292476,449.054616217655,40061856.28052899,-93.51456430473566,32.920459562291356
-108699947.62509607,1979.0845693072504,108863309.6614875,742.1507587725096,-499.6234401812077
305524985.6331107,-4335.821330602483,-305834703.48679215,940.9128898268352,-485.7560538787308
-471272830.09032375,8809.760342930324,472044725.209072,3014.4698618213615,-2123.056563938578
652498530.8230398,-9135.54360618645,-653129104.2869192,1978.3865405884112,-1005.3611376546404
-831558167.0526152,15600.226675801026,832935560.0241077,5269.829480622426,-3735.6714346881154
992350598.852202,-13832.204281263297,-993294312.0597112,2993.4168201167868,-1513.1204685132323
-1180921521.138133,22187.7692773125,1182886872.903213,7454.159973621789,-5298.817238156896
1317184308.676803,-18316.679047682217,-1318426171.9831526,3962.4193271904837,-1997.237345383407
-1511476274.4457335,28423.656327495763,1513998767.7248847,9518.175029378177,-6777.212835435521
1619945530.62773,-22491.66600783047,-1621464100.7990928,4864.371270397013,-2447.219929138814
-1816293316.6200256,34177.09894614774,1819330436.1700566,11418.676618179275,-8139.883584884364
1894597044.2857916,-26274.076667203186,-1896365401.258918,5681.327702796558,-2854.1373944852094
-2089560935.6310625,39338.2769381771,2093060320.5851636,13119.544604863951,-9360.874493283152
2136243122.400482,-29596.73630521733,-2138229955.4466138,6398.788182883933,-3210.800461765855
-2326692608.2935405,43820.38578990863,2330594089.909184,14592.397239841845,-10419.72948089957
2341203666.2448606,-32409.382021430767,-2343374421.9057016,7005.911580626152,-3511.8653503897963
-2524382723.058326,47560.70479505049,2528620461.0371895,15816.92372640351,-11301.737213718989
2507039203.088164,-34678.97912836165,-2509357248.8419137,7495.5833224140215,-3753.863497948726
-2680612499.1633773,50520.72765182802,2685117133.2131557,16780.90369489802,-11997.953679858538
2632530001.62127,-36389.40136505386,-2634957762.607146,7864.345181703099,-3935.162307092472
-2794610182.7194057,52685.4318599945,2799310922.6661797,17479.940174298357,-12505.020096422071
2717614175.5769415,-37540.54457228315,-2720114206.5610237,8112.20254864064,-4055.864588288835
-2866771172.526003,54061.792461764264,2871597759.5099382,17916.94215489411,-12824.801549493484
2763290908.5048923,-38146.95948794981,-2765826869.268241,8242.327831532415,-4117.656216744207
-2898544840.030304,54676.666583721926,2903429322.4554973,18101.399840453425,-12963.876821567255
2771495782.5826783,-38236.10147314819,-2774033291.6674805,8260.68118161458,-4123.612765344131
-2892295523.7480206,54574.18959706693,2897173804.07102,18048.500116467763,-12932.913079334172
2744955684.6138606,-37846.30169270477,-2747463033.476239,8175.571085715315,-4077.976525631525
-2851145539.124303,53812.82938032058,2855958660.546233,17778.131653151824,-12745.960511677447
2687030833.224988,-37024.56431583945,-2689479549.9891214,7997.177584077069,-3985.915403019982
-2778807936.0914044,52462.24491641069,2783503091.150011,17313.828577751145,-12419.701737089601
2601551241.259164,-35824.29183943757,-2603916500.1330028,7737.060060807483,-3853.274731794742
-2679416402.6724186,50600.08767769704,2683947658.061471,16681.699059698138,-11972.689023881892
2492654369.570169,-34303.03169257022,-2494915248.2732024,7407.6698642516285,-3686.3321733540047
-2557359002.0025225,48308.872243056576,2561687745.1946654,15909.380803724225,-11424.599325017758
2364629954.751148,-32520.326995445143,-2366769547.7940493,7021.885610014754,-3491.564624231134
-2417121554.75863,45673.02565752299,2421216677.794566,15025.05972309787,-10795.53310468051
2221777026.9307384,-30535.74060237032,-2223782427.1505675,6592.586090932575,-3275.4345693725304
-2263145434.5093546,42776.20547178514,2266983278.3691897,14056.581383369412,-10105.378221510042
2068277060.678652,-28407.1062169051,-2070139224.9699326,6132.27247154657,-3044.2016609046964
-2099703386.0350034,39698.95526097811,2103267475.202742,13030.677596070933,-9373.255024880094
1908086096.573164,-26189.045598845933,-1909799614.2046866,5652.748060893617,-2803.7635907555655
-1930795854.176171,36516.74417854643,1934076455.2572556,11972.32319817136,-8617.05359910993
1744847531.692435,-23931.774076252415,-1746410314.994619,5164.860604485374,-2559.5286343917815
-1760069121.9957395,33298.41650143558,1763062662.6144621,10904.230923163108,-7853.069020936735
1581826258.2348876,-21680.203704779782,-1583239175.8689935,4678.308875916231,-2316.3206563379254
-1590755579.717665,30105.056573329955,1593463964.5270913,9846.485667412599,-7095.735791775306
1421863846.3608365,-19473.33821305638,-1423130318.923408,4201.512509746945,-2078.3159385116246
-1425635429.6274385,26989.25774463597,1428065289.3211713,8816.313634451026,-6357.45843613839
1267353679.4107807,-17343.94480085799,-1268479255.906153,3741.541580810888,-1849.0099805023194
-1267018440.749766,23994.76845528589,1269180347.6777809,7827.976961659205,-5648.531754014014
1120234263.2365813,-15318.476593805284,-1121226195.1445975,3304.1004646637552,-1631.2114451297477
-1116743658.575533,21156.477490834688,1118651339.2358615,6892.780598636869,-4977.141462269209
981998451.2107251,-13417.214760845527,-982865278.6430639,2893.55905350185,-1427.0597009552994
-976194607.7024047,18500.691501443183,977864178.2900295,6019.175474281746,-4349.433978610326
853715984.7962646,-11654.593115246787,-854467146.708795,2513.0234466256734,-1238.0619455309616
-846327189.0846044,16045.652980806877,847776435.7066098,5212.940340028381,-3769.6428791164367
736066589.2713861,-10039.667168789887,-736712067.0429798,2164.437749768136,-1065.1456733955215
-727707403.4228581,13802.244352401247,728955123.7871218,4477.424019167935,-3240.259060954488
629380827.7917106,-8576.688372776674,-629930828.847966,1848.7085720727,-908.7222461480252
-620556025.2525011,11774.824528934936,621621443.8722885,3813.830027587509,-2762.231784556106
533686029.1999312,-7265.746522736444,-534150714.846396,1565.8441493962566,-768.7575020260708
-524797527.40400654,9962.146774913257,525699791.8299804,3221.5265393451537,-2335.1884459508356
448754801.1641982,-6103.445682307525,-449144060.4831064,1315.1006614739954,-644.8456801128972
-440110780.52035177,8358.311472979281,440868541.962408,2698.366272974015,-1957.6620395261211
374153929.2030049,-5083.583460852267,-374477198.8533946,1095.1291740642316,-536.2833861932188
-365979384.97755766,6953.713127743411,366610463.04127586,2241.002894799448,-1627.3167038424249
309291791.60146916,-4197.807816134904,-309557919.6887937,904.1176664144475,-442.14084654677345
-301739837.599533,5735.947831915315,302260965.83197,1845.1928402886647,-1341.1633680155323
253462791.75251958,-3436.230997939053,-253679942.59741044,739.9237171490078,-361.3282582369571
-246626134.9301796,4690.654477689255,247052781.4693241,1506.0738922577666,-1095.759228215907
205887678.01568565,-2787.985153976666,-206063273.6676611,600.1945391302384,-292.65561890434293
-199809781.45811662,3802.27026952276,200156037.3016453,1218.414260321443,-887.3865024009551
165748983.3493649,-2241.709346901873,-165889677.06231558,482.47213635621995,-234.88496349015432
-160434543.22072518,3054.6878245013927,160713069.46486214,976.8281813572041,-712.2075444577666
132221147.57205124,-1785.9622472047727,-132332824.13613111,384.28236401281373,-186.77443116460546
-127645617.42295745,2431.8075010114726,127867642.22334415,775.9561443660448,-566.3948721299549
104495188.43777493,-1409.5588680490775,-104582986.19664928,303.20755231763803,-147.11403076637737
-100613173.12747562,1917.9839206223169,100788529.01203257,610.6096434878491,-446.2359503384685
81798027.49082369,-1101.8331686977028,-81866377.04043446,236.94308805694328,-114.75334457120213
-78550461.65470505,1498.370274074743,78687654.09351495,475.88182727015567,-348.2136450691769
63406784.44314202,-852.8309921385992,-63459459.36290226,183.33894236105996,-88.62169363144056
-60726875.637710504,1159.1673886430422,60833174.380412415,367.22656223613683,-269.06408849203046
48658496.02470485,-653.439947498138,-48698671.465208314,140.42757334358242,-67.74150075188234
-46476476.299676836,887.7872728850301,46558021.83455736,280.5092647191292,-205.81428735116563
36955822.943101004,-495.4641494432551,-36986138.44092503,106.43991278242251,-51.2357341190285
-35202594.55745861,672.9423948133242,35264513.02942473,212.03335962305286,-155.80219543523427
27769356.780818798,-371.65234094080444,-27791980.26950981,79.81130160005674,-38.330382899725514
-26379144.61300019,504.6727585538987,26425665.596185878,158.5464536005841,-116.68215609034357
20637158.719160408,-275.68829894015835,-20653849.317069333,59.17928723047289,-28.352924317468226
-19549307.13930928,374.32300563833036,19583879.74702358,117.23033023794271,-86.4186246091875
15162149.180018729,-202.15202615359493,-15174316.909299567,43.37513523349896,-20.727716097136163
-14322200.684094032,274.48130205321377,14347604.547873668,85.67869381625925,-63.27096309481297
11007921.380995994,-146.45978727894908,-11016682.4939332,31.410771966672794,-14.969181550473884
-10368119.372810986,198.89083450799325,10386567.978146808,61.86624623255946,-45.77188572281994
7893496.0543514015,-104.78998397245968,-7899723.124657987,22.462701557380377,-10.673551254138106
-7412843.239398479,142.34348467028903,7426077.961830337,44.112265403507436,-32.70182802869109
5587466.899338865,-74.001082253834,-5591833.247998455,15.854226653519051,-7.509816963649905
-5231457.983436831,100.56395550529277,5240831.919773905,31.041387056684002,-23.061172029206084
3901906.2309523253,-51.54671832909947,-3904924.5681044613,11.03706360908767,-5.210443717303145
-3642039.4597942657,70.09110047507102,3648590.756837011,21.54377912967101,-16.04191718525617
2686324.8896990884,-35.39191359751587,-2688380.306207979,7.573217534674113,-3.5622641183479686
-2499479.2107604123,48.161688567258146,2503994.058442157,14.736404214466289,-11.000038001810973
1821912.2440664275,-23.933445880752572,-1823289.8970857386,5.117770271854495,-2.397865352896952
-1689661.5510190965,32.60055437727576,1692727.3724027986,9.926623819390326,-7.429432293995575
1216211.0828152262,-15.92642853875937,-1217119.0387800133,3.403027471382015,-1.5876874598560076
-1124124.2256768353,21.71983196290932,1126173.856033247,6.578983583112244,-4.93807714083797
798323.1446501325,-10.418523137099964,-798910.8961228239,2.224298282086327,-1.0329651484881897
-735295.7837888804,14.228863639681592,736643.5656851517,4.285656095554346,-3.226764077774495
514699.44513236015,-6.692213154843453,-515072.67084691214,1.4274462146126292,-0.6595683503742812
-472336.0739920304,9.155474235619604,473206.8628502541,2.740742389045084,-2.070568524248384
325521.92388605815,-4.2153825443042,-325754.0691164926,0.8982294985182177,-0.4127438581925144
-297589.6801403205,5.778723793775572,298141.783706383,1.7184107047240733,-1.3030423630749186
201659.97980503735,-2.5998242690772417,-201801.17647250672,0.5533585342978282,-0.25272215579852664
-183615.97681732685,3.572570127607711,183959.0044835703,1.0546718119588494,-0.8030064016002041
122159.6944942997,-1.5671806931606578,-122243.50344044872,0.3331469790024467,-0.15112037880294027
-110756.667162179,2.159627167426157,110965.17708603255,0.6324839479266413,-0.48373509796338554
72215.54442465826,-0.921411016028494,-72263.97361048534,0.1955931887216375,-0.08805309487926873
-65177.91551088151,1.2739266616077607,65301.67291682553,0.36982102770340436,-0.2842672621576018
41561.29788960014,-0.5270579087169186,-41588.46615579076,0.11170231788601581,-0.049858330736785486
-37328.3866074101,0.7315247326029494,37399.9463551087,0.21029683274322905,-0.16255779453903832
23219.439878588357,-0.2924270580358838,-23234.185439607074,0.06186291431669761,-0.027345033667182335
-20744.391350804173,0.40772620467241205,20784.592541594495,0.1159387868477861,-0.09018990482307437
12548.354396715076,-0.15679610686648668,-12556.06198127815,0.03309964793672153,-0.014468216609098736
-11145.745130619298,0.21979332111883895,11167.613404404145,0.061734143021502284,-0.048372377376855125
6531.223535741289,-0.08087079686344475,-6535.082846787706,0.01702952182334578,-0.007347417579608415
-5763.540526196243,0.11408532747716454,5775.010642313092,0.03159758353962026,-0.024966638852056123
3255.6536765605783,-0.039880867153862014,-3257.492983527212,0.008374049435902725,-0.003557509441201434
-2851.9674885760965,0.05669414222251393,2857.7386868451067,0.015451035553994078,-0.012328538044976247
1542.903750157303,-0.018658398588900626,-1543.7290878656836,0.003904241302555824,-0.0016279447456885806
-1340.1272063738763,0.02677205435704231,1342.8935610837382,0.007160080135611201,-0.0057798803216309825
688.39181452626,-0.008195662136306214,-688.7355875788935,0.0017073351630334098,-0.0006956883679494485
-591.7715140357515,0.01189193834745113,593.0225758749948,0.003109941160915628,-0.0025465135739579114
285.0708726183556,-0.003325111142115496,-285.20226450152927,0.0006893122782090928,-0.0002725584239900305
-241.95164270016613,0.0048971352922242,242.4788243084788,0.0012460495920384497,-0.001038788982835533
107.2189245916254,-0.001216538200443129,-107.26334863734724,0.0002506155938121157,-9.509337399420628e-05
-89.53552268370532,0.0018272016300974637,89.73849118046505,0.00044917942153509857,-0.0003831569731402766
35.365953089385,-0.00038783171907571,-35.37806472591348,7.892834073246823e-05,-2.8277546209702763e-05
-28.857319161416694,0.000595830733626659,28.926226299409535,0.00013992805150875467,-0.00012330331676982707
9.66805223231241,-9.845231154671312e-05,-9.670745932284914,1.9830921004541578e-05,-6.412735721784164e-06
-7.555689706364267,0.00015740412317474985,7.575335237901599,3.470576873072253e-05,-3.234407152793036e-05
1.7804376751398674,-1.4019336622522838e-05,-1.7809486055756083,2.965320306894587e-06,-6.675483872886327e-07
-1.2338935580463612,2.6525819908433144e-05,1.237841594722467,5.201791381659508e-06,-5.374747102583445e-06
